id_date,open,high,low,close,volume,id_stock,id_index
1,36.5,36.56,36.27,36.55,2555112,313,1
2,36.56,36.58,36.29,36.35,2980656,313,1
3,35.78,36.04,34.43,36.02,10119802,313,1
4,36.03,36.37,35.88,36.3,4309083,313,1
5,36.1,36.3,36.0,36.07,3421396,313,1
6,36.04,36.21,35.921,36.12,2739377,313,1
7,35.6,36.345,35.18,36.28,3276656,313,1
8,36.19,36.4,36.04,36.09,3124902,313,1
9,36.11,36.37,36.02,36.28,3161438,313,1
10,36.42,36.6,36.394,36.59,2790226,313,1
11,36.68,36.7,35.72,35.72,4962970,313,1
12,35.58,35.96,35.53,35.94,5038019,313,1
13,35.84,36.75,35.82,36.73,4176713,313,1
14,36.72,37.24,36.7,37.14,6424367,313,1
15,36.96,37.25,36.77,37.24,4659578,313,1
16,37.01,37.23,36.8,37.21,3579697,313,1
17,37.25,37.47,37.04,37.27,2558298,313,1
18,37.38,37.47,37.045,37.17,2661228,313,1
19,37.16,37.23,36.91,36.96,2716400,313,1
20,37.05,37.15,36.895,36.98,3172045,313,1
21,36.91,36.995,36.885,36.98,2546494,313,1
22,36.93,36.99,36.765,36.8,3400632,313,1
23,36.82,36.97,36.4,36.93,1774525,313,1
24,37.0,37.18,36.94,37.05,2712271,313,1
25,36.92,37.17,36.81,37.09,3137784,313,1
26,36.63,37.035,36.59,36.8,2139159,313,1
27,36.89,37.205,36.68,37.18,3685412,313,1
28,37.27,37.66,37.19,37.52,3349530,313,1
29,37.33,37.415,37.075,37.13,1988951,313,1
30,37.28,37.505,37.245,37.4,3420150,313,1
31,37.5,37.5,37.155,37.32,3232179,313,1
32,37.5,37.85,37.29,37.85,3176763,313,1
33,37.74,37.97,37.48,37.93,2026354,313,1
34,37.98,38.0,37.76,37.97,1961340,313,1
35,37.88,38.11,37.65,37.75,1834329,313,1
36,37.94,38.13,37.44,37.6,2710386,313,1
37,37.7,37.75,37.25,37.3,2173581,313,1
38,37.4,37.75,37.38,37.62,2070420,313,1
39,37.22,37.42,37.14,37.39,2198645,313,1
40,37.11,37.5,37.01,37.3,2377761,313,1
41,37.36,37.46,37.25,37.34,1635153,313,1
42,37.4,37.575,37.37,37.55,2890262,313,1
43,37.62,38.63,37.61,38.46,4990476,313,1
44,38.45,38.63,38.14,38.34,2337596,313,1
45,38.3,38.3,37.59,37.61,2160962,313,1
46,37.85,38.15,37.68,38.11,2520680,313,1
47,37.92,37.95,37.65,37.74,3045282,313,1
48,37.68,37.79,37.0,37.0,3333014,313,1
49,37.19,37.4,37.11,37.27,2204466,313,1
50,37.32,37.415,37.09,37.31,1535940,313,1
51,37.57,37.74,37.15,37.41,2240716,313,1
52,37.5,37.6,37.25,37.34,1988478,313,1
53,37.51,37.62,37.32,37.58,2418528,313,1
54,37.53,37.61,37.25,37.33,1800997,313,1
55,37.39,37.61,37.31,37.55,1611447,313,1
56,37.55,38.03,37.45,38.01,2500684,313,1
57,38.0,38.13,37.805,37.83,2649494,313,1
58,37.82,38.85,37.46,38.57,2947894,313,1
59,38.74,38.925,38.51,38.77,1884384,313,1
60,38.8,38.88,38.66,38.73,1556050,313,1
61,38.75,39.07,38.6925,39.06,1937199,313,1
62,39.02,39.59,38.87,39.57,2925976,313,1
63,39.58,39.85,39.305,39.4,2302953,313,1
64,39.45,39.585,39.215,39.47,2302000,313,1
65,39.47,39.94,39.34,39.9,2607187,313,1
66,39.85,40.54,39.7,40.53,2579495,313,1
67,40.47,40.925,40.39,40.74,2399109,313,1
68,40.61,40.95,40.58,40.79,2724917,313,1
69,40.77,41.09,40.68,41.09,2953234,313,1
70,41.0,41.33,40.95,41.09,2278351,313,1
71,41.2,41.495,41.2,41.4,3220982,313,1
72,41.38,41.68,40.73,40.8,2605920,313,1
73,40.55,40.91,40.38,40.47,2536714,313,1
74,40.2,40.43,40.03,40.43,1691316,313,1
75,40.77,41.135,40.43,40.5,2666868,313,1
76,40.26,40.48,40.07,40.18,2543590,313,1
77,40.18,40.745,40.17,40.52,1626399,313,1
78,40.4,40.73,40.01,40.02,2787355,313,1
79,40.06,40.38,39.7,40.38,2507718,313,1
80,40.37,40.5,39.895,39.93,2296032,313,1
81,39.9,39.93,39.39,39.41,2058156,313,1
82,37.47,39.98,37.47,39.96,2307600,313,1
83,40.28,40.57,40.15,40.45,3429314,313,1
84,40.52,40.66,40.21,40.36,2728588,313,1
85,40.11,40.49,40.09,40.22,2246246,313,1
86,40.44,40.46,39.705,39.82,1853676,313,1
87,39.81,40.38,39.59,40.31,1992601,313,1
88,40.24,40.405,39.88,39.95,1413609,313,1
89,40.14,40.4584,40.08,40.31,3136005,313,1
90,40.36,40.47,40.01,40.46,3298914,313,1
91,40.31,40.47,39.42,39.48,4383793,313,1
92,39.19,39.4,38.83,38.9,3129063,313,1
93,39.24,39.63,39.08,39.34,3930389,313,1
94,38.99,39.1,38.5,38.9,2498948,313,1
95,39.21,39.47,39.015,39.29,2050633,313,1
96,39.63,39.995,39.47,39.9,2647985,313,1
97,40.09,40.33,39.87,40.29,2264897,313,1
98,40.2,40.28,39.65,39.92,3158830,313,1
99,40.07,40.555,40.03,40.43,2442964,313,1
100,40.39,40.64,40.1,40.3,2574160,313,1
101,40.03,40.49,39.96,40.28,922572,313,1
102,40.46,40.97,40.365,40.95,1414091,313,1
103,41.06,41.23,40.71,40.79,2060049,313,1
104,40.32,41.04,40.32,40.84,2743565,313,1
105,40.73,40.925,40.6,40.86,1634644,313,1
106,41.26,41.88,41.24,41.82,2668137,313,1
107,41.78,41.83,41.38,41.65,1258635,313,1
108,41.7,41.84,41.41,41.57,1540591,313,1
109,41.68,41.82,41.39,41.63,2064796,313,1
110,41.72,41.85,41.44,41.45,1343934,313,1
111,41.51,41.98,41.47,41.83,1474096,313,1
112,41.83,41.89,41.62,41.8,1177260,313,1
113,41.76,41.89,41.7,41.89,1049309,313,1
114,41.86,41.92,41.68,41.73,1353414,313,1
115,41.77,41.89,41.45,41.53,1944549,313,1
116,41.49,41.9,41.43,41.84,1971306,313,1
117,41.6,42.0,41.39,41.99,1525053,313,1
118,41.91,41.91,41.595,41.7,1131708,313,1
119,41.93,42.16,41.63,41.75,1699394,313,1
120,41.92,42.235,41.8,41.87,2003338,313,1
121,42.15,42.64,42.14,42.51,1444032,313,1
122,42.38,42.52,42.115,42.49,1376020,313,1
123,42.38,42.46,42.07,42.21,1402461,313,1
124,42.14,42.24,41.93,42.01,1249105,313,1
125,41.99,42.0,41.28,41.67,1565845,313,1
126,41.75,41.97,41.48,41.94,1763066,313,1
127,41.91,42.05,41.68,41.9,1151632,313,1
128,41.75,42.19,41.58,41.8,1495106,313,1
129,41.81,42.095,41.67,41.97,1173579,313,1
130,42.03,42.3,41.92,42.11,1387802,313,1
131,41.8,42.0,41.46,41.57,2005880,313,1
132,41.48,41.83,41.48,41.72,1614666,313,1
133,41.7,41.81,41.52,41.65,1680022,313,1
134,41.68,42.56,41.57,42.24,4973250,313,1
135,42.12,42.315,41.69,41.95,2468118,313,1
136,42.0,42.82,41.93,42.72,2272234,313,1
137,42.72,42.72,42.24,42.51,2187055,313,1
138,42.51,42.63,42.09,42.09,1482757,313,1
139,41.69,41.805,41.11,41.12,2171537,313,1
140,41.06,41.4,40.94,41.15,2422362,313,1
141,41.09,41.815,41.05,41.52,2016039,313,1
142,41.51,41.56,41.01,41.23,2094746,313,1
143,41.76,41.93,41.195,41.54,1894552,313,1
144,41.53,41.64,41.28,41.54,1640775,313,1
145,41.49,41.64,41.255,41.36,1920798,313,1
146,41.39,41.59,40.95,41.31,1802599,313,1
147,41.36,41.93,41.35,41.93,1410836,313,1
148,42.18,42.31,41.97,42.18,1947578,313,1
149,42.15,42.32,41.98,42.31,2204532,313,1
150,42.3,42.54,42.16,42.45,2617561,313,1
151,42.49,42.58,42.325,42.41,1654952,313,1
152,42.69,42.95,42.62,42.71,1656101,313,1
153,42.82,43.06,42.63,42.74,2420629,313,1
154,42.84,43.86,42.83,43.795,3933199,313,1
155,43.89,44.32,43.76,44.13,2978708,313,1
156,44.15,44.46,44.03,44.23,3076022,313,1
157,44.16,44.63,44.1,44.39,3452672,313,1
158,44.33,44.535,44.08,44.24,3730336,313,1
159,44.34,44.42,43.88,44.04,4277998,313,1
160,44.0,44.34,43.79,43.97,2166399,313,1
161,43.76,43.91,43.55,43.76,2264532,313,1
162,43.46,43.75,43.13,43.55,2278296,313,1
163,43.64,43.86,43.425,43.6,2826450,313,1
164,43.33,43.74,43.12,43.71,2008539,313,1
165,43.57,43.61,42.89,43.23,2358111,313,1
166,42.84,43.6,42.78,43.54,1996479,313,1
167,43.01,43.255,42.77,42.97,2525105,313,1
168,42.9,42.96,42.5301,42.63,2782227,313,1
169,42.49,42.54,41.98,42.37,2291461,313,1
170,42.72,43.21,42.72,43.13,2981342,313,1
171,43.13,43.3,43.04,43.26,1709160,313,1
172,43.1,43.74,42.99,43.68,1586510,313,1
173,43.65,44.08,43.6,43.85,3734839,313,1
174,44.64,44.93,44.23,44.92,3012992,313,1
175,44.65,45.37,44.63,45.3,3013875,313,1
176,45.6,45.6,45.215,45.53,2054317,313,1
177,45.5,45.66,45.4,45.53,2297965,313,1
178,45.69,46.2,45.69,46.04,2680952,313,1
179,45.92,46.0,45.62,45.81,1550010,313,1
180,46.0,46.31,45.86,46.03,2491768,313,1
181,45.29,46.78,45.29,46.56,2487666,313,1
182,46.57,46.75,46.22,46.33,2170384,313,1
183,46.4,46.46,46.105,46.36,2064236,313,1
184,46.33,46.42,46.06,46.21,1875732,313,1
185,46.25,46.28,45.8,45.8,2131811,313,1
186,45.94,46.035,45.65,45.93,1855538,313,1
187,46.05,46.12,45.76,45.81,1309464,313,1
188,45.75,45.85,45.48,45.65,2437152,313,1
189,45.72,46.6,45.54,46.16,2231755,313,1
190,46.19,46.44,45.64,45.66,1910930,313,1
191,45.67,46.22,45.54,46.14,3046903,313,1
192,46.21,46.91,46.17,46.8,2079439,313,1
193,46.56,46.7,46.03,46.25,1707505,313,1
194,46.13,46.42,46.01,46.4,1813411,313,1
195,46.55,47.0,46.51,46.96,1491219,313,1
196,46.98,47.31,46.96,47.27,2107917,313,1
197,47.25,47.52,47.07,47.26,1874689,313,1
198,47.18,47.3125,47.07,47.15,1922170,313,1
199,47.23,47.38,46.99,47.1,1663631,313,1
200,47.26,47.81,47.17,47.79,2043568,313,1
201,47.79,47.95,47.505,47.94,1279134,313,1
202,47.92,47.97,47.58,47.68,1549778,313,1
203,47.67,47.89,47.44,47.5,2465876,313,1
204,47.48,47.7,47.35,47.58,930425,313,1
205,47.83,47.83,47.41,47.45,938762,313,1
206,47.46,47.755,47.29,47.52,1477662,313,1
207,47.26,47.715,47.21,47.4,1788617,313,1
208,47.18,47.62,46.69,47.22,1832548,313,1
209,47.09,47.5,47.0331,47.2,2084010,313,1
210,47.58,48.04,47.52,48.03,2188487,313,1
211,48.08,48.36,48.02,48.31,1412008,313,1
212,48.09,48.335,47.72,47.82,2044743,313,1
213,47.86,48.1257,47.28,47.37,1781969,313,1
214,47.39,47.54,47.235,47.32,1708072,313,1
215,47.44,47.56,47.17,47.25,1896627,313,1
216,47.45,47.7,47.21,47.38,1194839,313,1
217,47.29,47.5,47.04,47.21,1549705,313,1
218,47.21,48.15,46.85,48.07,2806460,313,1
219,47.97,48.195,47.71,48.07,1372270,313,1
220,48.07,48.41,48.06,48.13,2653898,313,1
221,48.39,48.4038,47.93,48.09,1973750,313,1
222,48.06,48.475,47.86,48.29,739149,313,1
223,48.38,48.51,48.15,48.33,1322275,313,1
224,48.43,48.51,48.22,48.29,1055467,313,1
225,48.35,48.47,48.06,48.21,1408578,313,1
226,48.2,48.56,48.18,48.36,972355,313,1
227,48.01,48.15,47.61,47.72,1383352,313,1
228,47.7,48.06,47.61,47.85,1598391,313,1
229,48.06,48.13,47.5225,47.6,1254838,313,1
230,47.62,48.07,47.62,47.94,1547246,313,1
231,47.83,48.18,47.67,48.15,1938290,313,1
232,48.22,48.58,48.2,48.55,1479401,313,1
233,48.55,48.71,47.84,48.19,1698217,313,1
234,47.46,48.165,47.295,47.39,2586559,313,1
235,47.48,48.19,47.4,48.17,1799558,313,1
236,48.26,48.34,48.055,48.33,2050356,313,1
237,48.3,48.57,48.22,48.54,1517572,313,1
238,48.58,48.73,48.41,48.5,1624465,313,1
239,48.63,48.83,48.1,48.52,2495105,313,1
240,48.71,48.75,48.33,48.64,2277039,313,1
241,48.19,48.46,47.575,47.71,1867105,313,1
242,47.33,47.55,46.37,46.37,2725793,313,1
243,46.04,46.23,45.67,45.67,3316300,313,1
244,45.89,46.18,45.69,45.92,2587970,313,1
245,45.62,46.09,45.46,45.71,1923512,313,1
246,46.11,46.41,45.79,46.31,2717395,313,1
247,45.64,46.13,45.45,45.71,3318405,313,1
248,45.72,45.75,44.47,44.53,2320554,313,1
249,44.88,44.88,44.36,44.57,2741170,313,1
250,44.54,44.7,44.29,44.56,3327086,313,1
251,44.72,44.86,44.25,44.4,4096007,313,1
252,44.71,45.9,44.63,45.88,3976039,313,1
253,45.81,45.91,45.39,45.88,2181275,313,1
254,45.81,46.8769,45.42,46.72,2016575,313,1
255,46.7,47.06,46.56,46.86,2226849,313,1
256,46.41,47.33,46.41,47.29,1364939,313,1
257,47.47,47.69,47.27,47.67,1757336,313,1
258,47.41,47.98,47.3,47.8,2027710,313,1
259,47.68,48.11,47.54,47.57,1917158,313,1
260,47.61,48.15,47.575,48.1,2041185,313,1
261,48.13,48.19,47.81,47.96,1976606,313,1
262,47.99,48.475,47.84,48.07,2176730,313,1
263,48.02,48.15,47.74,47.82,1504547,313,1
264,47.85,48.0,47.56,47.59,2028599,313,1
265,47.51,48.11,47.5,48.01,2530195,313,1
266,47.86,48.48,47.81,48.16,2612715,313,1
267,47.3,47.95,47.02,47.67,2138023,313,1
268,48.09,48.97,48.07,48.89,2346176,313,1
269,48.7,48.995,48.69,48.92,2696407,313,1
270,49.0,49.35,48.86,49.28,2260506,313,1
271,49.52,49.7,49.32,49.56,2028057,313,1
272,49.54,49.89,49.45,49.8,2468325,313,1
273,49.83,50.12,49.48,49.6,2127828,313,1
274,49.32,49.51,49.08,49.27,2770513,313,1
275,49.39,49.47,49.01,49.32,3877053,313,1
276,49.3,49.67,49.06,49.11,3345781,313,1
277,49.47,50.16,49.39,49.98,2056724,313,1
278,50.14,50.33,49.99,50.14,2100641,313,1
279,50.04,50.14,49.34,49.58,2482661,313,1
280,49.46,49.83,49.29,49.73,2051480,313,1
281,50.12,50.48,49.94,49.96,2793629,313,1
282,50.12,50.29,49.1,49.22,2755200,313,1
283,49.51,49.54,49.11,49.28,1498975,313,1
284,49.55,49.61,48.95,48.95,1623665,313,1
285,48.97,49.11,48.535,48.62,2390496,313,1
286,48.26,49.16,48.19,48.59,1386081,313,1
287,48.94,49.32,48.91,49.3,2318279,313,1
288,50.45,50.45,49.345,49.5,1567534,313,1
289,49.51,49.99,49.47,49.79,1859696,313,1
290,49.93,49.97,49.565,49.81,1262013,313,1
291,50.08,50.25,49.08,49.12,1701802,313,1
292,49.19,50.22,48.09,48.28,2104296,313,1
293,47.94,48.14,47.63,47.82,1842158,313,1
294,48.01,48.56,47.59,48.53,2199611,313,1
295,48.6,48.6499,47.22,47.43,2408655,313,1
296,47.19,47.32,46.78,47.06,3026708,313,1
297,47.5,47.69,46.94,47.38,2348389,313,1
298,47.41,48.12,47.05,47.79,2796929,313,1
299,48.15,48.35,47.86,48.31,1495676,313,1
300,48.23,48.54,48.06,48.27,1343191,313,1
301,48.28,48.45,48.11,48.21,1126580,313,1
302,48.19,48.71,48.13,48.43,1297475,313,1
303,48.41,48.71,48.3,48.49,1579146,313,1
304,48.68,48.76,48.35,48.5,2100089,313,1
305,48.48,48.73,48.17,48.62,1811400,313,1
306,48.79,49.0,48.18,48.75,2192600,313,1
307,48.94,49.48,48.86,49.37,2442538,313,1
308,49.35,49.43,49.0,49.31,1795987,313,1
309,49.33,49.73,49.0,49.17,2455002,313,1
310,49.42,49.5,48.2375,48.46,2365005,313,1
311,48.19,48.9,48.1,48.66,1163652,313,1
312,48.46,48.525,47.84,47.86,1983715,313,1
313,48.04,48.81,48.01,48.71,2142961,313,1
314,48.72,49.08,48.4,48.57,2555672,313,1
315,48.56,48.96,48.39,48.93,1418393,313,1
316,49.19,49.43,49.05,49.27,947062,313,1
317,49.31,49.36,49.01,49.05,1947185,313,1
318,48.96,49.03,48.612,48.82,1394218,313,1
319,48.68,48.88,48.17,48.82,2644393,313,1
320,48.75,49.1,48.56,48.97,2313806,313,1
321,48.9,49.35,48.66,49.22,2172012,313,1
322,49.17,49.44,48.89,49.1,2184930,313,1
323,49.21,49.62,49.18,49.58,1770520,313,1
324,49.55,49.68,49.31,49.67,1921243,313,1
325,49.67,49.8,49.44,49.67,2040113,313,1
326,49.78,49.95,49.68,49.86,1783817,313,1
327,49.75,49.99,49.65,49.9,1548780,313,1
328,49.95,50.07,49.79,50.03,2256502,313,1
329,49.99,50.31,49.97,50.27,2034877,313,1
330,50.27,50.64,50.11,50.51,3011812,313,1
331,50.22,50.66,50.21,50.48,1921166,313,1
332,50.38,50.83,50.3,50.8,3025118,313,1
333,50.85,50.85,50.445,50.72,1850213,313,1
334,50.78,51.08,50.69,51.06,2382748,313,1
335,51.0,51.25,50.97,51.25,1914702,313,1
336,51.06,51.23,51.01,51.16,1655384,313,1
337,50.9,51.23,50.83,51.21,2141956,313,1
338,51.03,51.05,50.43,50.66,2785958,313,1
339,50.66,50.89,50.57,50.82,1542817,313,1
340,50.83,50.88,50.574,50.74,1344004,313,1
341,50.6,51.21,50.45,51.1,2361761,313,1
342,51.1,52.15,51.04,52.04,4724155,313,1
343,52.13,52.13,51.71,51.84,1916740,313,1
344,52.02,52.39,51.84,52.15,3006268,313,1
345,52.07,52.19,51.97,52.1,1468494,313,1
346,51.95,52.265,51.82,51.82,1583184,313,1
347,51.63,52.16,51.62,52.05,1507103,313,1
348,52.1,52.1,51.64,51.84,1480276,313,1
349,51.76,51.94,51.66,51.88,1285136,313,1
350,51.79,51.98,51.645,51.82,1475186,313,1
351,51.82,52.3,51.73,52.06,1647384,313,1
352,51.89,52.18,51.63,51.67,1669582,313,1
353,51.83,52.05,51.78,52.02,1470817,313,1
354,51.85,52.03,51.79,51.81,2118085,313,1
355,51.77,52.04,51.66,51.88,2113848,313,1
356,51.56,51.74,51.34,51.65,1694210,313,1
357,51.3,51.84,51.2205,51.75,1814227,313,1
358,51.61,52.26,51.61,52.21,2442478,313,1
359,52.5,52.66,52.3,52.32,2001127,313,1
360,52.08,52.155,51.68,51.93,3743250,313,1
361,52.17,52.2,51.925,52.04,1412683,313,1
362,51.84,52.22,51.64,51.66,1572087,313,1
363,51.89,52.19,51.68,52.11,1455493,313,1
364,52.05,52.05,51.54,51.81,1447638,313,1
365,52.08,52.2,51.855,52.03,1466288,313,1
366,52.13,52.46,52.0,52.42,1410998,313,1
367,52.5,52.76,52.37,52.72,1866247,313,1
368,52.28,52.36,51.325,51.43,3262875,313,1
369,51.4,51.42,50.94,51.15,4657238,313,1
370,52.5,53.55,51.73,52.01,5027959,313,1
371,52.08,52.29,51.6,51.91,2879385,313,1
372,51.62,51.79,50.74,50.77,2378683,313,1
373,50.66,50.77,50.3,50.52,2014919,313,1
374,50.66,50.77,50.3,50.52,2014919,313,1
375,50.49,50.625,50.09,50.35,2496604,313,1
376,50.3,50.985,50.3,50.96,3811998,313,1
377,50.97,51.22,50.595,50.72,1942623,313,1
378,50.77,51.42,50.65,51.39,2876572,313,1
379,51.44,51.61,51.29,51.43,1637821,313,1
380,51.42,51.74,51.29,51.44,1436717,313,1
381,51.68,51.88,51.66,51.78,1104129,313,1
382,51.81,51.95,51.72,51.77,1322714,313,1
383,51.95,52.1179,51.28,51.61,1615686,313,1
384,51.89,52.03,51.7,51.9,1670816,313,1
385,52.07,52.31,51.89,52.15,1195882,313,1
386,52.07,52.26,51.99,52.16,1300879,313,1
387,52.31,52.39,52.11,52.27,1419550,313,1
388,52.25,52.34,52.05,52.16,1178808,313,1
389,52.48,52.7,52.34,52.52,1235746,313,1
390,52.4,52.74,52.37,52.47,994622,313,1
391,52.51,52.63,52.41,52.6,1345418,313,1
392,52.42,53.05,52.34,52.91,1660419,313,1
393,53.07,53.16,52.72,53.1,1523437,313,1
394,53.22,53.35,52.91,53.15,1458784,313,1
395,53.35,53.37,52.95,53.01,1353619,313,1
396,52.97,53.37,52.94,53.04,1083009,313,1
397,53.1,53.12,52.81,53.05,1726013,313,1
398,53.05,53.34,52.83,53.0,1134219,313,1
399,52.9,52.9,52.32,52.39,1515175,313,1
400,52.52,52.82,52.52,52.71,926129,313,1
401,52.55,52.975,52.5,52.77,1653234,313,1
402,52.65,52.91,52.56,52.69,1980425,313,1
403,52.77,53.07,52.6302,52.95,1269249,313,1
404,52.87,53.35,52.82,53.19,1068884,313,1
405,53.31,53.38,52.91,53.07,1912398,313,1
406,53.26,53.57,53.22,53.5,1464419,313,1
407,53.52,53.64,52.95,53.08,2839545,313,1
408,52.92,53.08,52.64,52.75,1888120,313,1
409,52.6,52.88,52.39,52.39,1148035,313,1
410,52.37,52.99,52.338,52.93,1502580,313,1
411,52.04,52.37,51.65,51.9,2226599,313,1
412,51.83,52.63,51.78,52.54,1503079,313,1
413,52.09,52.695,52.0,52.48,1335069,313,1
414,52.47,52.76,52.21,52.34,1489803,313,1
415,52.41,52.41,51.545,51.73,2343185,313,1
416,51.69,51.97,51.47,51.71,1464204,313,1
417,52.0,52.49,51.99,52.31,1909536,313,1
418,52.58,52.6,52.11,52.4,1813607,313,1
419,52.08,52.08,51.09,51.12,2577783,313,1
420,50.91,51.26,50.52,51.19,6358296,313,1
421,51.18,51.48,50.07,50.07,4944523,313,1
422,50.23,50.83,49.78,49.79,3133277,313,1
423,49.69,50.45,49.48,49.54,3282779,313,1
424,49.81,50.5,49.7,49.91,3235122,313,1
425,49.19,49.695,48.6575,49.49,3690904,313,1
426,48.71,49.84,48.71,49.71,3425982,313,1
427,50.2,50.79,49.95,50.63,2365003,313,1
428,50.62,50.72,50.31,50.56,1771508,313,1
429,50.83,51.39,50.68,51.37,3587816,313,1
430,51.41,51.58,51.06,51.06,1820429,313,1
431,51.66,51.66,51.06,51.17,1591878,313,1
432,51.13,51.65,50.93,51.63,1176438,313,1
433,51.66,51.96,51.48,51.76,1253986,313,1
434,52.23,53.06,52.03,52.95,2278190,313,1
435,53.07,53.16,52.51,52.88,2072868,313,1
436,56.02,56.085,55.72,56.02,1676308,313,1
437,54.07,54.39,53.89,54.37,2386690,313,1
438,54.3,54.77,54.3,54.74,2082827,313,1
439,54.67,55.6,54.57,55.15,4239301,313,1
440,55.49,55.73,55.33,55.47,2000964,313,1
441,55.61,55.91,55.243,55.87,1410979,313,1
442,55.87,55.99,55.67,55.8,1557010,313,1
443,55.66,56.24,55.66,56.13,1226943,313,1
444,56.22,56.39,56.075,56.15,1105553,313,1
445,56.02,56.085,55.72,56.02,1676308,313,1
446,55.98,56.29,55.78,55.96,1367445,313,1
447,55.83,56.18,55.63,55.77,1851810,313,1
448,55.58,56.03,55.58,55.85,1714235,313,1
449,55.85,56.22,55.62,55.91,1238352,313,1
450,55.74,55.9501,55.61,55.75,1455348,313,1
451,55.47,55.96,55.47,55.84,972168,313,1
452,56.39,56.44,55.9,56.12,2028102,313,1
453,56.25,56.61,56.14,56.57,994482,313,1
454,56.65,56.74,56.315,56.37,1858435,313,1
455,56.51,56.56,56.19,56.48,900251,313,1
456,56.12,56.96,56.12,56.59,753328,313,1
457,56.5,56.93,56.31,56.48,1279587,313,1
458,56.54,57.08,56.54,57.05,1321567,313,1
459,56.96,57.55,56.88,57.5,1683573,313,1
460,57.35,58.0,57.35,58.0,1978983,313,1
461,58.08,58.56,58.0,58.23,2195629,313,1
462,58.27,58.74,58.16,58.56,2518954,313,1
463,58.13,58.33,57.84,58.08,2055026,313,1
464,58.04,58.45,57.36,57.53,2699551,313,1
465,57.72,58.34,57.23,57.35,2200591,313,1
466,56.99,57.36,56.48,56.5,1985750,313,1
467,56.94,57.22,56.08,56.37,2765430,313,1
468,56.23,57.09,56.05,56.06,1856145,313,1
469,56.5,57.04,56.12,56.99,1950046,313,1
470,57.61,57.83,57.29,57.83,2486695,313,1
471,58.1,58.31,57.82,57.99,3064823,313,1
472,57.81,58.418,57.81,58.36,1725100,313,1
473,58.46,58.64,58.28,58.39,1326770,313,1
474,58.41,58.592,58.29,58.32,596718,313,1
475,58.34,58.544,58.04,58.06,800229,313,1
476,57.87,58.55,57.86,58.3,982989,313,1
477,58.1,58.29,58.0,58.06,915740,313,1
478,58.12,58.28,57.22,57.24,1261240,313,1
479,57.53,57.73,56.58,56.97,1529001,313,1
480,56.7,56.99,56.43,56.57,2526415,313,1
481,56.54,56.97,55.54,55.81,2226285,313,1
482,56.26,56.69,55.99,56.55,1529988,313,1
483,57.05,57.65,57.03,57.5,1264479,313,1
484,57.43,57.5,56.7,56.71,2038950,313,1
485,56.72,57.02,56.07,56.1,1533826,313,1
486,56.52,57.27,55.79,56.21,2171919,313,1
487,55.62,56.1,55.48,55.97,1730239,313,1
488,55.99,56.37,55.56,55.71,1641284,313,1
489,55.69,56.77,55.66,56.73,1645836,313,1
490,57.05,57.13,56.58,56.82,2448665,313,1
491,56.77,56.98,56.23,56.59,1916054,313,1
492,56.55,57.22,56.03,57.15,1688379,313,1
493,57.26,57.26,56.6,56.65,1611406,313,1
494,56.45,56.7,56.27,56.59,1584001,313,1
495,56.07,56.45,55.75,55.95,1523228,313,1
496,56.18,56.31,54.36,54.4,3959556,313,1
497,54.4,54.71,54.085,54.66,2423529,313,1
498,54.06,54.38,53.7,53.77,3442375,313,1
499,53.85,54.62,53.5,54.6,3204349,313,1
500,54.92,55.2,54.63,55.11,2924683,313,1
501,55.03,55.675,55.03,55.33,2289369,313,1
502,55.27,55.835,54.905,55.82,2416062,313,1
503,55.31,56.09,55.0,55.43,4509239,313,1
504,54.49,55.51,54.49,55.3,4971761,313,1
505,55.68,55.83,55.33,55.49,2130065,313,1
506,55.41,56.15,55.41,56.09,2220576,313,1
507,56.17,56.56,56.15,56.53,1881303,313,1
508,56.39,56.52,56.19,56.31,2237688,313,1
509,56.32,56.67,56.2,56.51,2862782,313,1
510,56.52,57.0,56.37,56.98,2100262,313,1
511,56.89,57.13,56.79,57.09,1739072,313,1
512,56.83,57.24,56.44,57.13,2105053,313,1
513,56.99,57.08,56.8,57.01,1322315,313,1
514,57.0,57.575,56.9,57.47,2258332,313,1
515,57.37,57.57,57.06,57.27,2390645,313,1
516,57.14,57.31,56.81,57.01,2047254,313,1
517,56.86,57.24,56.7401,56.89,1648751,313,1
518,56.82,57.37,56.77,57.24,1757091,313,1
519,56.94,57.26,56.8,57.01,1562872,313,1
520,56.73,56.99,56.38,56.45,2140303,313,1
521,56.48,57.03,56.46,56.99,1640263,313,1
522,56.84,57.28,56.27,56.35,2254479,313,1
523,56.28,56.68,56.26,56.53,1488721,313,1
524,56.04,56.14,55.62,55.63,2450028,313,1
525,55.68,55.94,55.34,55.72,1761960,313,1
526,55.98,56.57,55.91,56.47,2880376,313,1
527,56.48,56.54,55.86,56.11,1847514,313,1
528,56.36,57.205,56.34,57.18,1348721,313,1
529,56.9,57.3,56.77,57.12,1632601,313,1
530,57.09,58.11,56.77,57.75,2103312,313,1
531,57.74,57.78,57.14,57.51,1736133,313,1
532,57.88,58.07,57.52,57.86,2824329,313,1
533,57.98,58.07,57.69,57.69,1740724,313,1
534,57.71,57.9,57.17,57.17,1560176,313,1
535,57.17,57.26,55.92,55.92,1916081,313,1
536,55.62,55.98,55.47,55.6,1453604,313,1
537,55.63,55.79,55.44,55.62,1759170,313,1
538,55.95,56.67,55.93,56.55,1449063,313,1
539,56.16,56.35,55.93,56.09,1599829,313,1
540,56.21,56.48,55.79,56.17,1843346,313,1
541,56.05,56.64,55.96,56.56,1373384,313,1
542,56.09,57.3,56.09,56.99,1884651,313,1
543,57.07,57.14,56.72,56.74,1245422,313,1
544,56.45,57.12,56.39,57.0,1692239,313,1
545,56.8,57.05,56.52,56.84,1906844,313,1
546,56.79,57.43,56.76,57.12,1790011,313,1
547,57.05,57.5,56.96,57.16,1226672,313,1
548,57.04,57.46,56.81,57.43,1156517,313,1
549,57.55,57.74,57.38,57.44,1262464,313,1
550,57.27,57.49,56.96,57.21,2318654,313,1
551,56.82,56.88,56.05,56.19,4353358,313,1
552,56.3,56.83,56.3,56.64,2828972,313,1
553,56.69,56.84,56.43,56.58,1602836,313,1
554,56.54,56.81,56.11,56.43,2372363,313,1
555,56.34,56.81,56.3,56.56,2236278,313,1
556,56.52,57.01,56.37,56.96,1707819,313,1
557,57.11,57.22,56.58,56.68,2339282,313,1
558,56.56,56.99,56.48,56.93,1338318,313,1
559,56.72,57.24,56.63,56.89,1677871,313,1
560,56.8,57.18,56.0275,56.16,3398998,313,1
561,56.5,56.81,56.11,56.66,1704783,313,1
562,56.66,57.1,56.62,57.05,1707456,313,1
563,56.86,57.12,56.375,56.47,3131856,313,1
564,56.71,56.73,56.11,56.45,2617825,313,1
565,56.52,57.25,56.32,57.17,1909049,313,1
566,57.65,57.99,57.41,57.96,2099653,313,1
567,57.82,58.36,57.71,57.93,1953694,313,1
568,57.75,57.75,57.23,57.47,1893203,313,1
569,57.58,57.73,57.18,57.42,1645321,313,1
570,57.85,58.21,57.62,58.16,1804377,313,1
571,58.08,58.26,57.76,57.86,1684044,313,1
572,57.8,58.57,57.8,58.49,2325332,313,1
573,58.65,58.87,58.47,58.8,1358493,313,1
574,58.77,59.28,58.55,59.08,1331096,313,1
575,58.93,59.25,58.93,59.1,1947936,313,1
576,59.06,59.26,58.98,59.0,1440971,313,1
577,58.72,58.9199,58.3,58.48,2097234,313,1
578,58.71,58.995,58.58,58.86,1431231,313,1
579,58.68,58.83,58.43,58.72,1500709,313,1
580,58.88,58.88,58.23,58.23,2353795,313,1
581,58.39,58.57,58.01,58.16,1605285,313,1
582,57.92,58.56,57.87,58.23,1292406,313,1
583,58.61,58.82,58.27,58.6,1167463,313,1
584,58.42,58.68,57.79,57.89,2957132,313,1
585,58.14,58.39,57.69,57.85,2131061,313,1
586,57.8,58.13,57.67,57.71,1711738,313,1
587,57.69,58.06,57.67,57.94,1626496,313,1
588,58.16,58.945,58.12,58.87,2006387,313,1
589,58.93,59.45,58.84,59.35,2174453,313,1
590,59.19,59.28,58.91,59.12,1772425,313,1
591,58.61,59.06,58.45,58.82,1753369,313,1
592,58.65,59.16,58.625,59.03,1522017,313,1
593,59.28,59.49,59.01,59.21,2114760,313,1
594,59.43,59.99,59.38,59.84,2483488,313,1
595,59.77,59.86,59.4,59.43,2057196,313,1
596,59.29,59.72,58.94,59.13,2448934,313,1
597,59.21,59.31,59.02,59.16,1815611,313,1
598,59.09,59.11,58.57,58.57,1585355,313,1
599,58.57,58.71,58.13,58.23,1543260,313,1
600,58.52,58.56,58.12,58.31,2604247,313,1
601,57.84,57.88,56.77,56.8,2690705,313,1
602,57.33,57.4,56.5,56.7,2909033,313,1
603,57.39,57.65,56.98,57.22,2119565,313,1
604,57.24,57.43,56.9979,57.19,1366061,313,1
605,56.64,57.33,56.617,57.08,2048503,313,1
606,57.16,57.5,56.41,57.49,2320984,313,1
607,56.62,56.96,56.19,56.28,1901519,313,1
608,56.91,57.14,56.53,56.6,2641551,313,1
609,57.31,57.48,56.985,57.17,2336520,313,1
610,57.63,57.91,57.44,57.66,1450323,313,1
611,57.53,57.94,57.48,57.79,1007833,313,1
612,57.91,57.95,57.565,57.69,1539871,313,1
613,58.07,58.58,58.0,58.55,1638906,313,1
614,58.43,58.54,58.23,58.37,1535943,313,1
615,58.36,58.67,58.125,58.45,1198562,313,1
616,58.47,58.81,58.24,58.44,1204482,313,1
617,58.26,58.83,58.26,58.59,1574797,313,1
618,58.55,58.69,58.285,58.44,1060412,313,1
619,58.28,58.53,58.2,58.25,1674270,313,1
620,58.04,58.34,57.75,58.07,2002767,313,1
621,57.85,58.1,57.32,57.37,3000002,313,1
622,57.34,58.0,57.26,57.95,2375176,313,1
623,57.79,58.295,57.74,58.14,1454148,313,1
624,58.31,58.33,57.88,57.94,1743058,313,1
625,58.09,58.14,57.49,57.88,1154872,313,1
626,57.79,58.13,57.74,57.9,1095859,313,1
627,58.29,58.48,58.07,58.29,1106794,313,1
628,58.46,58.59,57.74,57.83,1392527,313,1
629,57.7,58.29,57.27,57.81,1382812,313,1
630,58.18,58.75,58.18,58.58,1157119,313,1
631,58.29,58.34,57.84,58.14,1780879,313,1
632,57.75,58.104,57.075,57.76,1549514,313,1
633,57.65,58.1,57.59,57.73,1096344,313,1
634,57.59,58.18,57.59,58.16,930223,313,1
635,57.79,58.43,57.59,58.3,1078399,313,1
636,58.25,58.35,58.11,58.29,936665,313,1
637,57.97,58.11,57.51,57.67,1554731,313,1
638,57.18,57.35,56.68,56.69,2059101,313,1
639,56.27,56.66,55.28,55.32,3461753,313,1
640,53.15,54.32,50.9,52.67,5431315,313,1
641,53.93,54.12,51.74,51.87,4511500,313,1
642,53.27,53.48,51.95,53.36,3606912,313,1
643,53.91,54.71,53.59,54.64,2588421,313,1
644,54.38,54.73,53.77,54.13,3008833,313,1
645,53.88,53.96,53.57,53.73,2622615,313,1
646,52.65,52.82,51.88,52.1,2733536,313,1
647,52.66,52.95,52.12,52.76,1850941,313,1
648,52.88,53.38,52.83,53.02,1880974,313,1
649,52.26,52.53,51.74,51.99,3621370,313,1
650,53.31,54.45,53.1,54.26,5207616,313,1
651,54.65,54.99,53.585,53.7,3926916,313,1
652,53.4,53.99,53.33,53.6,3440125,313,1
653,53.47,54.09,53.22,54.09,2458352,313,1
654,54.07,54.15,53.66,53.96,2915859,313,1
655,54.2,54.91,53.83,54.61,2717326,313,1
656,54.59,54.82,54.34,54.64,2600424,313,1
657,54.72,55.1,54.135,54.24,3440002,313,1
658,52.56,53.67,52.56,53.09,4592069,313,1
659,53.49,53.83,53.37,53.66,2226244,313,1
660,52.5,52.99,52.25,52.9,2840509,313,1
661,52.84,53.07,52.645,52.86,1242994,313,1
662,52.26,52.53,52.07,52.19,2992124,313,1
663,52.74,53.13,52.38,52.65,1703880,313,1
664,52.3,52.49,51.405,51.54,2398458,313,1
665,51.56,51.835,51.1,51.79,2576018,313,1
666,52.27,52.37,51.58,52.22,2271575,313,1
667,52.3,52.39,51.65,52.08,1909102,313,1
668,51.28,52.59,51.05,52.58,2121766,313,1
669,52.96,53.79,52.71,53.77,2047473,313,1
670,53.39,53.46,52.86,53.0,2707042,313,1
671,53.07,53.48,52.93,53.17,1850980,313,1
672,52.97,53.895,52.96,53.75,1850931,313,1
673,53.74,54.05,53.385,53.44,2245899,313,1
674,53.4,54.19,53.37,53.92,2370334,313,1
675,53.58,53.82,53.35,53.4,1698457,313,1
676,53.36,53.49,52.72,52.77,2192787,313,1
677,53.2,53.55,52.96,53.55,2306825,313,1
678,53.7,53.99,53.7,53.96,2330772,313,1
679,53.9,53.97,53.54,53.68,1462139,313,1
680,53.58,54.38,53.57,54.23,1874140,313,1
681,54.43,54.58,53.905,53.97,1317154,313,1
682,54.23,55.27,54.23,55.0,1850000,313,1
683,55.2,55.47,54.885,55.3,1582631,313,1
684,55.31,55.42,54.69,54.69,2356914,313,1
685,53.69,55.59,53.69,55.45,3495384,313,1
686,55.65,56.21,55.63,56.21,2116887,313,1
687,55.99,56.42,55.7799,56.29,1655680,313,1
688,56.23,56.29,55.7225,55.74,2930704,313,1
689,55.86,56.515,55.72,56.37,2110175,313,1
690,56.34,56.58,56.01,56.39,2351568,313,1
691,56.43,56.65,56.12,56.2,1864571,313,1
692,56.18,56.38,55.93,56.3,1896489,313,1
693,56.7,56.7,55.835,56.11,2083194,313,1
694,56.02,56.08,55.46,55.63,2333081,313,1
695,55.57,55.86,55.4901,55.66,1964837,313,1
696,55.74,55.83,55.39,55.55,2163725,313,1
697,55.16,55.4,54.83,54.83,1661245,313,1
698,54.69,54.99,54.09,54.15,2234696,313,1
699,54.0,54.86,53.95,54.85,1850180,313,1
700,54.98,55.13,54.57,54.64,1537184,313,1
701,54.87,55.61,54.69,55.58,1442093,313,1
702,55.57,55.73,55.2699,55.58,1177501,313,1
703,55.9,56.13,55.73,55.89,1621164,313,1
704,55.95,56.1,55.555,55.73,914657,313,1
705,55.25,55.65,55.06,55.5,1349424,313,1
706,55.51,55.66,55.33,55.43,1052883,313,1
707,55.31,55.4999,55.08,55.39,581124,313,1
708,55.56,55.59,55.17,55.3,3219833,313,1
709,55.57,56.05,55.45,56.01,2278538,313,1
710,56.03,56.3,55.76,55.83,2160806,313,1
711,55.88,56.1,55.008,55.35,2653623,313,1
712,55.48,56.88,55.48,56.86,2900928,313,1
713,56.58,57.0,56.34,56.79,2656295,313,1
714,56.37,56.48,55.72,55.87,2758141,313,1
715,55.5,56.315,55.21,55.55,1755528,313,1
716,55.56,56.195,55.18,55.98,2858474,313,1
717,55.18,55.93,54.77,54.89,2589037,313,1
718,55.05,55.36,54.24,54.97,3324531,313,1
719,55.58,56.6998,55.27,56.42,2697738,313,1
720,56.8,57.44,56.59,57.33,2996444,313,1
721,57.33,57.46,55.76,55.78,2241292,313,1
722,55.5,55.62,54.49,54.51,3508926,313,1
723,54.91,55.13,54.07,54.58,1915481,313,1
724,54.97,55.155,53.97,54.95,1946652,313,1
725,55.2,55.52,54.79,55.51,1153702,313,1
726,55.35,55.755,55.23,55.54,499275,313,1
727,55.25,55.59,55.06,55.54,931364,313,1
728,56.0,56.4,55.92,56.35,1245723,313,1
729,56.36,56.525,56.06,56.1,906359,313,1
730,55.93,56.21,55.45,55.45,1422129,313,1
731,54.48,54.57,53.79,54.32,2870000,313,1
732,54.26,55.03,54.16,54.77,2350014,313,1
733,53.97,54.66,53.7,54.11,2563898,313,1
734,53.13,53.83,53.04,53.7,5002816,313,1
735,53.81,53.96,52.89,52.95,3189639,313,1
736,52.44,53.16,51.77,52.18,3864408,313,1
737,52.54,52.74,51.86,52.67,3105641,313,1
738,53.43,53.56,52.08,52.23,2683768,313,1
739,52.4,54.02,52.21,53.57,3215188,313,1
740,52.01,53.04,51.84,52.21,4145429,313,1
741,52.76,52.83,51.865,52.15,2668599,313,1
742,51.02,52.07,50.81,51.54,2960789,313,1
743,51.66,51.78,50.99,51.29,2653479,313,1
744,52.03,52.48,51.86,52.29,1577334,313,1
745,52.27,52.3,51.54,51.57,2250791,313,1
746,51.87,52.33,51.76,51.93,1430951,313,1
747,51.9,52.43,51.32,51.62,2120840,313,1
748,51.94,52.06,51.45,51.8,1886982,313,1
749,52.21,53.37,52.08,53.33,2452902,313,1
750,53.21,53.48,52.82,53.27,1694278,313,1
751,52.63,52.65,52.11,52.35,2003207,313,1
752,52.6,52.91,51.25,52.84,3009772,313,1
753,53.34,54.66,52.95,54.17,4376087,313,1
754,54.19,54.73,54.11,54.65,3949399,313,1
755,53.98,55.33,53.97,55.0,3573150,313,1
756,54.64,55.63,54.61,55.28,3180263,313,1
757,55.56,56.675,55.46,55.51,2048241,313,1
758,54.33,55.29,54.32,54.95,2233476,313,1
759,55.79,56.17,55.53,56.08,2243554,313,1
760,56.46,56.77,56.263,56.5,2286480,313,1
761,56.77,57.46,56.77,57.37,2619386,313,1
762,57.23,57.6101,57.135,57.5,2626870,313,1
763,57.24,57.555,57.095,57.31,2640791,313,1
764,57.54,57.88,57.37,57.55,1795388,313,1
765,57.34,57.675,57.01,57.09,1855428,313,1
766,56.7,57.65,56.5099,57.45,2365082,313,1
767,57.59,57.77,57.27,57.76,2351515,313,1
768,58.0,58.17,57.48,57.5,2009981,313,1
769,57.5,57.645,57.015,57.05,2682134,313,1
770,57.46,58.12,57.27,58.09,1805681,313,1
771,57.82,58.06,57.61,57.84,2718689,313,1
772,57.64,57.85,57.24,57.75,2438222,313,1
773,58.0,58.1,57.37,58.01,3078227,313,1
774,57.48,57.965,56.98,57.69,2449648,313,1
775,57.37,58.16,57.29,57.44,2471875,313,1
776,57.38,57.88,57.11,57.71,1366852,313,1
777,57.91,58.3,57.2263,57.73,1756147,313,1
778,58.2,58.77,57.83,58.74,1472825,313,1
779,58.48,58.96,58.41,58.83,1993995,313,1
780,58.36,59.14,58.21,59.14,1863604,313,1
781,58.8,59.25,58.71,58.92,1857425,313,1
782,59.0,60.13,58.79,59.85,2450174,313,1
783,59.92,60.1126,59.57,59.8,3755516,313,1
784,60.0,60.0,59.52,59.77,1090260,313,1
785,59.4,60.22,59.2,59.73,1751294,313,1
786,59.72,59.88,59.45,59.54,1397045,313,1
787,59.28,59.86,59.11,59.8,1649060,313,1
788,59.83,60.25,59.7742,60.04,1569304,313,1
789,60.0,60.59,59.78,60.56,1500575,313,1
790,60.83,60.9499,60.46,60.74,1121818,313,1
791,60.74,60.9635,60.3701,60.79,1491852,313,1
792,60.64,61.46,60.555,61.37,1633997,313,1
793,61.36,61.61,61.12,61.21,1152800,313,1
794,60.74,60.96,60.34,60.45,1498450,313,1
795,59.98,60.76,59.85,60.74,1738729,313,1
796,60.26,60.44,59.85,60.17,1849888,313,1
797,60.55,60.8,60.27,60.51,1456256,313,1
798,60.89,61.27,60.65,60.7,1352692,313,1
799,60.76,61.54,60.68,61.5,2706631,313,1
800,61.66,62.17,61.53,62.15,1824696,313,1
801,62.28,62.35,61.82,61.97,1310431,313,1
802,62.16,62.5373,62.0,62.32,2120180,313,1
803,62.18,63.05,62.05,63.05,1362404,313,1
804,63.31,63.67,63.205,63.32,1531215,313,1
805,63.42,63.61,62.57,62.97,1392618,313,1
806,62.83,63.06,62.22,62.25,1968905,313,1
807,62.34,62.58,61.97,62.19,2127483,313,1
808,62.1,62.41,61.96,62.09,1498986,313,1
809,62.39,62.665,61.88,62.54,1735700,313,1
810,62.54,62.56,62.12,62.23,1713927,313,1
811,60.04,63.31,60.04,62.81,2527419,313,1
812,62.76,63.48,62.7,63.15,2138966,313,1
813,63.31,63.78,63.22,63.65,1864016,313,1
814,63.15,63.67,62.93,63.55,2247307,313,1
815,63.17,63.63,63.06,63.36,2044332,313,1
816,63.39,63.73,63.29,63.45,1530774,313,1
817,63.32,63.4,62.99,63.22,1637260,313,1
818,63.18,63.5,62.9703,63.42,1031920,313,1
819,63.78,64.41,63.62,64.39,1605332,313,1
820,64.3,64.62,63.9,63.9,1087625,313,1
821,64.09,64.52,63.81,64.37,1460854,313,1
822,64.25,64.41,63.77,63.95,1764344,313,1
823,63.83,64.75,63.79,64.45,2048744,313,1
824,64.44,64.71,63.83,64.04,1537705,313,1
825,63.93,64.855,63.781,64.49,1425154,313,1
826,64.09,64.22,63.85,64.18,1539175,313,1
827,64.49,64.68,64.13,64.2,1949878,313,1
828,64.1,64.625,64.0195,64.47,1480484,313,1
829,64.65,65.59,64.36,65.53,2351260,313,1
830,65.61,66.09,65.37,65.64,1803222,313,1
831,65.59,65.715,65.38,65.57,1059069,313,1
832,65.55,65.96,65.48,65.93,1080741,313,1
833,66.16,66.26,65.65,66.07,2840649,313,1
834,65.73,66.19,65.58,66.17,1223867,313,1
835,66.08,66.44,65.68,66.44,1304930,313,1
836,66.03,66.31,65.53,66.17,1372869,313,1
837,66.14,66.44,66.02,66.3,1233265,313,1
838,66.76,66.84,66.45,66.6,1803718,313,1
839,66.47,66.71,66.32,66.58,1360992,313,1
840,66.39,66.735,65.97,66.63,1267066,313,1
841,66.19,66.565,66.13,66.35,1362805,313,1
842,66.26,66.49,65.77,65.81,1675616,313,1
843,65.55,65.845,65.42,65.7,1577919,313,1
844,65.81,65.81,65.29,65.34,1569920,313,1
845,64.95,66.03,64.85,66.01,2192906,313,1
846,66.03,66.08,65.4,65.86,2034718,313,1
847,66.64,66.965,66.39,66.47,1581783,313,1
848,66.82,66.89,66.5399,66.74,1804680,313,1
849,66.68,67.26,66.6113,66.81,1497739,313,1
850,67.46,67.91,67.34,67.91,1592144,313,1
851,65.57,65.97,64.76,64.88,5085997,313,1
852,64.13,64.24,63.39,63.73,2697277,313,1
853,64.14,65.61,64.06,65.59,2195304,313,1
854,66.21,66.78,66.01,66.77,2241835,313,1
855,67.06,68.57,66.88,68.46,3668525,313,1
856,68.44,68.69,67.98,68.11,3143509,313,1
857,67.78,67.97,67.4098,67.59,2210774,313,1
858,67.19,67.4,66.825,67.12,5602126,313,1
859,67.05,67.56,66.57,66.8,3740473,313,1
860,67.21,67.37,66.74,67.17,7379685,313,1
861,67.59,67.61,67.15,67.15,2163369,313,1
862,67.61,67.71,67.11,67.3,2860304,313,1
863,67.48,67.595,66.99,67.05,1884425,313,1
864,67.57,67.9,66.95,66.96,3036412,313,1
865,67.14,67.14,66.4775,66.52,3539835,313,1
866,66.68,66.71,66.365,66.46,1736355,313,1
867,66.34,66.44,66.09,66.35,1757580,313,1
868,66.63,66.69,66.34,66.43,1478617,313,1
869,66.34,66.42,65.8,65.96,1160812,313,1
870,66.19,66.55,66.05,66.48,1602593,313,1
871,66.53,66.53,66.19,66.24,1705951,313,1
872,66.34,66.67,66.24,66.64,2289205,313,1
873,66.72,66.78,66.27,66.47,2524900,313,1
874,66.42,66.745,65.82,66.55,2532327,313,1
875,66.32,66.48,65.68,65.75,2802545,313,1
876,65.78,66.21,65.69,65.94,2254807,313,1
877,65.72,66.18,65.72,66.09,1901302,313,1
878,66.18,66.22,65.94,66.17,3051398,313,1
879,66.19,66.65,66.19,66.3,2182365,313,1
880,66.8,66.84,66.49,66.63,1816822,313,1
881,66.58,67.115,66.52,67.07,2586533,313,1
882,66.98,67.25,66.925,66.98,1309214,313,1
883,66.95,67.29,66.89,67.15,1489309,313,1
884,67.28,67.5,67.065,67.37,1253597,313,1
885,67.56,67.56,67.26,67.39,1436354,313,1
886,67.4,67.5999,67.2601,67.37,1791406,313,1
887,67.12,67.37,67.04,67.05,1229968,313,1
888,66.98,67.45,66.78,67.13,1285993,313,1
889,67.12,67.2,66.92,67.11,1341836,313,1
890,66.86,67.09,66.625,67.05,1481049,313,1
891,66.89,67.47,66.835,67.3,876842,313,1
892,67.43,67.68,67.055,67.13,1165601,313,1
893,67.03,67.3,66.83,67.17,1308851,313,1
894,66.94,67.82,66.94,67.61,1884004,313,1
895,67.32,68.05,66.905,67.19,1811562,313,1
896,67.23,68.145,67.23,67.92,1255853,313,1
897,68.06,68.093,67.37,67.72,1510800,313,1
898,67.74,67.82,67.29,67.63,1930595,313,1
899,67.77,68.1,67.36,67.79,1570607,313,1
900,68.06,68.32,67.815,68.3,973109,313,1
901,68.3,68.33,67.6,68.18,1869442,313,1
902,67.93,68.191,67.925,68.08,1779054,313,1
903,67.97,68.12,67.82,67.94,1750923,313,1
904,67.53,67.54,65.99,65.99,2600816,313,1
905,65.69,67.31,65.65,67.2,2300481,313,1
906,66.56,66.81,66.125,66.13,2726186,313,1
907,66.17,66.35,65.59,65.83,2014168,313,1
908,65.8,66.57,65.71,66.4,1450600,313,1
909,66.1,66.16,65.48,65.91,2409093,313,1
910,66.27,66.5,66.02,66.27,1203661,313,1
911,66.74,66.94,66.5,66.8,1841644,313,1
912,67.02,67.7,66.855,67.63,1735427,313,1
913,68.09,68.31,67.87,68.21,1662377,313,1
914,67.56,68.02,67.35,67.35,1436413,313,1
915,66.97,67.25,66.75,67.01,1616571,313,1
916,67.01,67.715,66.86,67.4,2364670,313,1
917,67.5,67.5,66.74,67.23,1836719,313,1
918,67.27,67.43,66.285,66.4,1832274,313,1
919,66.57,67.48,66.57,67.25,2597202,313,1
920,67.02,67.1,66.635,66.96,1392513,313,1
921,66.92,66.96,66.11,66.33,2244489,313,1
922,66.53,66.92,66.19,66.32,2128696,313,1
923,65.97,66.61,65.6,66.39,2253729,313,1
924,66.49,66.87,66.225,66.65,2029271,313,1
925,67.0,67.23,66.41,66.43,1499308,313,1
926,66.1,66.37,65.39,65.53,1596000,313,1
927,65.7,66.34,65.66,66.17,1503569,313,1
928,65.8,66.1,65.44,65.68,1866749,313,1
929,66.17,66.69,65.99,65.99,1914442,313,1
930,66.13,66.13,65.28,65.33,1803177,313,1
931,66.0,66.03,65.09,65.14,2493340,313,1
932,65.34,65.81,65.16,65.8,2297071,313,1
933,65.55,65.57,65.04,65.22,1585393,313,1
934,64.66,65.17,64.37,65.03,1617385,313,1
935,65.38,65.59,64.91,64.97,1748986,313,1
936,64.22,64.56,62.33,62.7,5327185,313,1
937,62.46,63.5,62.41,63.22,3427322,313,1
938,63.42,63.57,62.855,63.18,2804517,313,1
939,63.37,64.225,63.25,63.45,2350215,313,1
940,63.69,63.78,63.04,63.39,1804173,313,1
941,63.6,63.65,62.61,62.86,2652123,313,1
942,62.95,63.43,62.87,62.96,3108312,313,1
943,63.21,63.995,63.148,63.64,1963409,313,1
944,63.96,64.27,63.47,63.9,2361480,313,1
945,64.91,65.11,64.5,65.09,2202190,313,1
946,65.04,65.68,64.85,65.38,2020880,313,1
947,65.79,67.145,64.5,66.91,4302414,313,1
948,67.48,68.28,66.85,67.8,3746610,313,1
949,67.65,68.34,67.38,67.78,2424910,313,1
950,68.1,68.3401,67.26,67.61,2803903,313,1
951,67.42,67.83,67.325,67.73,1777412,313,1
952,67.56,68.0299,67.42,67.7,1789487,313,1
953,67.75,69.155,67.75,69.07,1960739,313,1
954,69.05,69.434,68.83,69.23,2058586,313,1
955,69.41,69.69,68.95,69.21,1924604,313,1
956,69.32,69.58,69.03,69.4,1876559,313,1
957,69.51,69.6,68.87,69.46,1967969,313,1
958,69.42,69.77,69.21,69.77,928184,313,1
959,69.33,69.74,68.87,68.91,2043053,313,1
960,69.12,69.22,68.83,68.98,1772373,313,1
961,69.38,69.76,69.0,69.31,2927113,313,1
962,69.39,69.47,68.64,68.9,2267353,313,1
963,69.13,69.13,68.23,68.39,1560533,313,1
964,68.94,69.41,68.49,68.69,1894084,313,1
965,68.76,68.94,68.36,68.78,2675016,313,1
966,68.91,69.56,68.65,69.43,2677315,313,1
967,69.57,69.64,68.92,69.33,2622548,313,1
968,69.25,69.66,69.09,69.47,3119180,313,1
969,69.35,69.5801,69.135,69.46,2953020,313,1
970,69.55,69.74,69.13,69.32,3797707,313,1
971,69.22,69.57,68.39,68.54,3207759,313,1
972,68.69,69.23,68.375,68.56,2446386,313,1
973,68.35,68.96,68.1,68.46,4240768,313,1
974,68.56,69.05,68.385,68.68,3181830,313,1
975,68.93,68.95,68.16,68.39,2433719,313,1
976,68.31,68.8,68.22,68.31,1762695,313,1
977,68.24,68.56,68.07,68.41,1268190,313,1
978,68.5,68.73,68.37,68.52,1796582,313,1
979,68.55,68.61,68.16,68.2,1214800,313,1
980,68.39,68.535,67.72,67.72,1180458,313,1
981,67.91,68.08,67.64,67.75,920141,313,1
982,67.92,67.93,67.39,67.59,1397051,313,1
983,67.85,68.04,67.31,67.87,2318664,313,1
984,67.92,68.525,67.92,68.29,1715110,313,1
985,68.28,68.53,68.06,68.31,1562293,313,1
986,68.4,68.83,68.25,68.68,1842520,313,1
987,68.42,68.4262,67.78,67.8,1167978,313,1
988,67.84,68.325,67.46,67.51,1781966,313,1
989,67.4,67.68,66.9648,67.44,2162076,313,1
990,67.14,67.66,66.75,67.58,2110344,313,1
991,67.69,68.1,67.68,67.73,1221958,313,1
992,67.4,68.015,67.16,67.64,1384844,313,1
993,67.85,68.271,67.58,68.17,1750220,313,1
994,68.32,68.32,67.33,67.45,1577612,313,1
995,67.62,67.99,67.49,67.99,2107167,313,1
996,67.58,67.72,67.33,67.56,1235073,313,1
997,67.8,68.36,67.74,68.23,1813272,313,1
998,68.52,68.8,68.41,68.66,2163994,313,1
999,68.69,69.0,68.55,68.75,1418142,313,1
1000,68.94,69.18,68.67,68.85,1956768,313,1
1001,68.56,68.79,67.94,68.34,1874926,313,1
1002,68.26,68.47,67.7,68.02,2191438,313,1
1003,68.12,68.41,67.32,67.41,2126318,313,1
1004,67.78,69.78,67.61,69.55,2931520,313,1
1005,70.25,70.6,69.69,70.52,2986389,313,1
1006,70.2,70.645,69.86,69.91,1654894,313,1
1007,70.19,70.26,69.71,69.77,1127867,313,1
1008,69.38,70.44,69.33,70.41,2278201,313,1
1009,70.58,70.87,70.455,70.58,1641454,313,1
1010,70.69,71.29,70.45,71.08,2866507,313,1
1011,71.25,71.73,71.03,71.48,1414345,313,1
1012,71.55,71.99,71.43,71.94,1492129,313,1
1013,71.88,72.72,71.67,72.63,1609015,313,1
1014,72.5,73.29,72.44,73.26,2173657,313,1
1015,72.93,73.52,72.73,73.52,2029848,313,1
1016,73.38,73.67,72.72,72.93,1729613,313,1
1017,72.51,73.18,72.5,72.93,1502901,313,1
1018,73.15,73.57,72.87,73.54,2203063,313,1
1019,73.18,73.74,72.95,73.51,1908356,313,1
1020,73.65,73.9,72.66,73.47,868775,313,1
1021,73.23,73.72,73.05,73.48,1825566,313,1
1022,74.06,74.76,73.93,74.65,1677264,313,1
1023,74.52,74.59,74.1,74.13,1248796,313,1
1024,74.11,74.34,73.87,74.22,1014915,313,1
1025,73.82,74.27,73.65,73.82,1197874,313,1
1026,73.59,73.93,73.48,73.62,1261248,313,1
1027,73.89,73.89,72.91,72.95,2038852,313,1
1028,73.18,73.34,72.85,73.1,1745870,313,1
1029,73.47,73.78,73.05,73.67,1363922,313,1
1030,73.51,74.27,73.51,74.23,1532194,313,1
1031,73.91,74.5,73.89,74.25,1411403,313,1
1032,74.25,74.55,73.88,74.35,1376108,313,1
1033,74.26,74.73,74.26,74.68,1546648,313,1
1034,74.87,75.23,74.59,75.14,2466080,313,1
1035,75.0,75.24,74.901,75.03,1719345,313,1
1036,75.46,75.52,74.12,74.2,1664370,313,1
1037,74.23,74.71,73.785,74.44,1064973,313,1
1038,74.33,75.13,74.11,74.61,1725878,313,1
1039,74.72,75.0,74.39,74.57,2273986,313,1
1040,73.8,74.795,73.63,74.61,1321929,313,1
1041,74.38,75.15,74.18,74.92,3454368,313,1
1042,74.8,74.895,74.37,74.4,1644002,313,1
1043,74.19,74.59,74.05,74.11,1833566,313,1
1044,73.97,74.27,73.62,73.89,3018174,313,1
1045,74.03,74.19,73.23,73.32,2428526,313,1
1046,73.36,73.78,73.2,73.42,1765349,313,1
1047,73.42,74.11,73.205,73.38,2581637,313,1
1048,73.38,73.65,73.0,73.27,1646500,313,1
1049,73.11,73.71,73.04,73.42,1352382,313,1
1050,73.46,73.84,73.29,73.38,1348537,313,1
1051,73.06,73.4,72.92,73.39,1525562,313,1
1052,73.05,73.24,72.41,72.72,2147151,313,1
1053,72.63,72.83,72.04,72.07,1682201,313,1
1054,72.15,72.73,72.021,72.71,1948442,313,1
1055,72.42,72.82,72.32,72.62,1098501,313,1
1056,73.11,73.15,72.45,72.65,1461902,313,1
1057,72.92,73.49,72.47,73.29,2274296,313,1
1058,73.14,73.34,71.79,71.88,3067654,313,1
1059,73.12,73.2,72.3,73.03,2248962,313,1
1060,73.4,73.49,73.02,73.06,1722701,313,1
1061,73.1,73.66,72.86,73.42,2439527,313,1
1062,73.56,74.82,73.5,74.25,4044206,313,1
1063,74.35,74.54,74.065,74.13,1862726,313,1
1064,74.37,74.5,73.73,74.32,1890641,313,1
1065,74.57,74.62,73.87,74.05,1563969,313,1
1066,73.86,74.09,73.61,73.91,1698573,313,1
1067,74.15,74.98,73.72,74.38,1529914,313,1
1068,74.48,74.57,74.25,74.51,1411708,313,1
1069,72.96,74.7499,72.96,74.12,1100356,313,1
1070,74.25,74.54,73.47,73.65,1462036,313,1
1071,73.59,73.94,73.56,73.79,1145090,313,1
1072,73.42,73.81,73.24,73.68,1312463,313,1
1073,73.54,73.785,73.11,73.38,1122471,313,1
1074,73.17,74.155,73.0423,73.81,1085003,313,1
1075,73.96,74.15,73.59,74.08,1233844,313,1
1076,73.24,73.91,73.24,73.71,1989087,313,1
1077,73.87,74.91,73.65,74.5,2246713,313,1
1078,74.64,74.83,74.29,74.61,2129300,313,1
1079,74.78,75.0,74.555,74.73,1134965,313,1
1080,74.7,74.89,74.52,74.74,1132647,313,1
1081,74.85,75.2,74.72,75.1,1029030,313,1
1082,75.28,76.68,75.1,76.53,1675175,313,1
1083,76.34,76.54,76.02,76.37,1454498,313,1
1084,76.25,77.56,76.195,77.39,3545243,313,1
1085,77.17,77.85,77.07,77.56,3769418,313,1
1086,77.61,77.61,76.84,77.35,2023172,313,1
1087,77.25,77.6,77.15,77.5,1497669,313,1
1088,77.51,77.87,77.36,77.38,857924,313,1
1089,77.0,77.05,76.583,76.84,2028539,313,1
1090,77.1,77.24,76.67,76.89,1952586,313,1
1091,77.08,77.43,76.81,77.3,1831258,313,1
1092,77.36,78.32,77.16,78.23,1651400,313,1
1093,78.17,78.58,77.92,78.51,1902645,313,1
1094,78.46,79.07,78.43,78.6,1336552,313,1
1095,78.64,79.7,78.44,79.58,2055913,313,1
1096,79.38,80.23,79.25,80.1,1501068,313,1
1097,80.25,80.46,79.95,80.27,1795534,313,1
1098,80.4,80.47,79.91,80.14,2196793,313,1
1099,80.15,80.33,79.77,79.8,1319713,313,1
1100,80.32,80.32,79.31,79.4,1848960,313,1
1101,79.15,79.42,78.63,78.68,1692609,313,1
1102,78.9,79.0,78.01,78.06,1860268,313,1
1103,78.14,78.59,77.95,78.15,1559925,313,1
1104,78.4,78.4,77.75,77.91,2038993,313,1
1105,78.32,78.86,78.14,78.71,1760078,313,1
1106,79.08,79.18,77.54,77.66,2162044,313,1
1107,78.24,78.63,77.49,77.96,2057986,313,1
1108,78.45,78.71,78.01,78.01,1003050,313,1
1109,78.04,78.39,77.685,78.12,1323173,313,1
1110,77.94,78.275,77.5,77.67,1910746,313,1
1111,77.71,78.63,77.37,78.33,1396693,313,1
1112,78.13,78.46,78.05,78.09,1038329,313,1
1113,78.07,78.27,77.32,77.41,1108715,313,1
1114,77.68,78.33,77.35,78.16,1342092,313,1
1115,78.19,78.875,78.01,78.74,1342254,313,1
1116,78.47,79.115,78.1704,78.86,989097,313,1
1117,78.83,79.13,78.67,78.99,1269853,313,1
1118,78.58,79.21,78.55,79.15,1081524,313,1
1119,79.24,79.39,78.92,79.2,1081706,313,1
1120,79.24,79.75,78.97,79.64,1864382,313,1
1121,79.52,80.11,79.51,80.01,1609788,313,1
1122,80.02,80.39,79.77,80.28,1228454,313,1
1123,80.93,81.0,80.42,80.56,2113435,313,1
1124,80.57,80.77,80.08,80.22,1689575,313,1
1125,79.31,79.31,77.16,77.41,4164498,313,1
1126,77.45,78.74,77.17,78.68,1758624,313,1
1127,78.93,79.14,77.87,77.97,2309448,313,1
1128,78.82,78.88,78.43,78.64,2273627,313,1
1129,78.82,78.88,78.43,78.64,2273745,313,1
1130,78.6,78.86,78.15,78.43,1401941,313,1
1131,78.62,78.82,78.03,78.18,2033346,313,1
1132,78.15,78.27,77.92,78.0,1443016,313,1
1133,77.75,77.89,77.34,77.44,1439618,313,1
1134,77.18,77.66,77.04,77.48,1656199,313,1
1135,77.18,77.64,77.0,77.08,1600399,313,1
1136,77.21,77.53,76.96,77.02,882325,313,1
1137,77.42,77.9,77.42,77.77,856587,313,1
1138,77.98,78.39,77.86,78.11,1423610,313,1
1139,78.3,78.57,78.0,78.15,1737706,313,1
1140,78.15,78.62,77.21,77.21,1681346,313,1
1141,77.21,77.875,76.88,77.36,1864568,313,1
1142,77.31,77.545,76.98,77.46,1172445,313,1
1143,77.74,78.19,77.54,78.13,971046,313,1
1144,77.8,77.9,77.16,77.16,1156589,313,1
1145,77.31,77.43,76.85,76.88,874181,313,1
1146,77.21,77.46,76.91,76.96,1698241,313,1
1147,77.12,77.71,76.98,77.44,2344106,313,1
1148,76.96,77.63,76.68,77.0,1165696,313,1
1149,76.92,77.68,76.92,77.41,1269003,313,1
1150,77.66,78.18,77.63,78.08,1888658,313,1
1151,78.06,78.3712,77.63,77.87,1285982,313,1
1152,77.57,78.58,77.405,78.09,2408015,313,1
1153,78.42,79.29,78.19,78.97,2902542,313,1
1154,79.03,79.43,78.35,78.84,2582884,313,1
1155,78.79,82.33,78.675,81.95,4130975,313,1
1156,81.5,82.855,80.735,81.2,4268500,313,1
1157,81.39,81.94,81.01,81.76,1884741,313,1
1158,81.42,81.87,81.24,81.75,1955424,313,1
1159,81.64,81.67,80.56,81.2,3248233,313,1
1160,81.29,81.47,81.02,81.32,3359437,313,1
1161,81.41,81.55,80.94,81.45,2473516,313,1
1162,81.57,81.93,81.42,81.77,1444244,313,1
1163,81.88,82.65,81.755,82.59,1689108,313,1
1164,82.57,82.8,81.91,82.34,1802615,313,1
1165,82.31,82.78,82.07,82.72,1139487,313,1
1166,82.58,82.9386,82.42,82.88,1695422,313,1
1167,82.83,83.985,82.675,83.65,2306561,313,1
1168,83.93,84.32,83.27,84.22,2135109,313,1
1169,84.11,84.32,83.35,83.66,2778743,313,1
1170,83.43,83.89,83.19,83.81,2010094,313,1
1171,84.0,84.52,83.65,84.52,1476949,313,1
1172,84.31,84.47,83.97,84.39,1450917,313,1
1173,83.67,83.97,83.02,83.26,2200624,313,1
1174,83.33,83.93,83.05,83.7,1863037,313,1
1175,83.56,83.94,82.95,83.2,1068231,313,1
1176,83.21,83.54,82.96,83.35,1353019,313,1
1177,83.4,83.68,83.33,83.49,1185082,313,1
1178,83.58,83.66,83.26,83.58,1205070,313,1
1179,83.54,83.93,83.37,83.57,1594589,313,1
1180,83.79,84.49,83.79,83.9,1237585,313,1
1181,84.12,84.39,83.58,83.91,1220103,313,1
1182,84.1,84.18,83.29,83.53,1437760,313,1
1183,83.54,83.76,83.0,83.55,1374838,313,1
1184,83.52,84.3,83.42,84.29,1028214,313,1
1185,84.72,84.74,84.19,84.44,1435752,313,1
1186,84.55,84.71,84.22,84.28,1078774,313,1
1187,84.42,84.9,84.26,84.49,1415132,313,1
1188,84.34,84.62,83.8,84.455,1670823,313,1
1189,83.62,83.87,81.31,81.36,3179196,313,1
1190,81.36,81.77,80.46,81.0,2511359,313,1
1191,80.95,81.63,80.49,80.62,2841963,313,1
1192,80.7,81.7,80.62,80.93,2447117,313,1
1193,81.44,82.58,81.3674,82.42,3550832,313,1
1194,82.4,83.75,82.175,83.66,2685410,313,1
1195,83.29,83.3699,82.32,82.38,1511669,313,1
1196,82.22,83.19,81.87,82.63,1274391,313,1
1197,82.53,83.25,82.27,82.46,1623317,313,1
1198,82.54,83.009,82.21,82.43,1523912,313,1
1199,82.07,83.04,82.07,82.93,1262052,313,1
1200,83.0,83.34,82.37,83.15,1040388,313,1
1201,83.01,83.29,82.78,83.0,1857705,313,1
1202,82.92,83.97,82.68,83.6,1364313,313,1
1203,83.27,84.0,83.08,83.14,1822237,313,1
1204,83.44,83.67,82.9,82.91,1526284,313,1
1205,82.63,83.0,82.29,82.35,1507194,313,1
1206,82.56,83.1,82.48,82.93,889677,313,1
1207,83.02,83.67,82.851,83.45,1134138,313,1
1208,83.4,83.4,82.36,82.65,1057687,313,1
1209,82.73,83.12,82.09,82.34,445413,313,1
1210,82.52,82.84,82.43,82.5,987021,313,1
1211,82.78,83.73,82.71,83.62,1467867,313,1
1212,83.74,84.36,83.39,83.6,1221257,313,1
1213,84.07,84.7,83.3001,83.93,2782652,313,1
1214,84.32,85.1,83.03,85.06,2148183,313,1
1215,85.6,86.54,85.12,85.97,2477751,313,1
1216,86.17,86.49,84.85,85.01,2055347,313,1
1217,84.51,84.98,84.06,84.4,1398873,313,1
1218,84.3,84.3,83.59,83.73,934518,313,1
1219,84.02,84.21,83.69,84.13,773021,313,1
1220,84.32,84.41,83.62,83.93,1081079,313,1
1221,83.95,84.67,83.63,84.65,1686413,313,1
1222,84.52,84.68,83.08,83.4,2776272,313,1
1223,83.0,83.625,82.71,83.02,2837515,313,1
1224,83.53,84.18,82.95,83.11,3725153,313,1
1225,83.83,83.89,82.41,82.5,2475356,313,1
1226,83.02,83.58,82.47,82.52,2118872,313,1
1227,82.8,83.02,82.06,82.12,1769943,313,1
1228,82.36,82.825,80.64,80.71,3275654,313,1
1229,80.54,81.18,80.12,80.69,1875296,313,1
1230,80.7,81.32,80.55,80.74,734406,313,1
1231,80.93,81.75,80.79,81.69,1759411,313,1
1232,81.85,82.01,81.61,81.97,1055760,313,1
1233,82.16,82.3,81.37,81.39,1408153,313,1
1234,81.84,81.93,80.24,80.4,2927147,313,1
1235,80.65,81.64,80.33,81.45,2025240,313,1
1236,81.72,82.79,81.65,82.3,1600735,313,1
1237,82.33,82.92,82.1,82.87,1487515,313,1
1238,82.58,82.97,81.97,81.99,1430251,313,1
1239,82.15,82.59,81.89,81.99,2526995,313,1
1240,81.95,82.12,81.04,81.16,2568116,313,1
1241,81.18,81.31,80.61,81.02,2674288,313,1
1242,81.21,81.98,80.72,81.74,2716954,313,1
1243,82.14,82.39,81.2,81.26,2246313,313,1
1244,81.66,81.82,81.38,81.53,2234683,313,1
1245,81.42,81.89,80.71,81.56,2787818,313,1
1246,81.78,82.64,81.68,82.08,2552400,313,1
1247,82.37,82.76,82.12,82.71,1789697,313,1
1248,82.67,83.35,82.36,82.96,2069289,313,1
1249,82.99,83.88,82.74,83.42,2937801,313,1
1250,83.73,84.1,83.22,83.57,2017947,313,1
1251,83.93,85.77,83.84,85.72,2202143,313,1
1252,85.58,85.8,84.69,84.71,2249879,313,1
1253,84.23,84.68,83.65,83.74,1733199,313,1
1254,83.77,84.27,83.46,83.52,2270973,313,1
1255,83.58,85.68,82.96,85.05,3983495,313,1
1256,84.99,85.76,84.25,84.69,3418509,313,1
1257,84.49,85.32,82.52,82.52,4231976,313,1
1258,81.21,82.83,80.66,82.24,4985028,313,1
1259,82.04,83.42,81.84,82.16,2722942,313,1
