ID,DATE,DAY,ID_WEEK_DAY,MONTH,ID_MONTH,YEAR,ID_QUARTER
1,2013-02-08,8,5,2,2,2013,1
2,2013-02-11,11,1,2,2,2013,1
3,2013-02-12,12,2,2,2,2013,1
4,2013-02-13,13,3,2,2,2013,1
5,2013-02-14,14,4,2,2,2013,1
6,2013-02-15,15,5,2,2,2013,1
7,2013-02-19,19,2,2,2,2013,1
8,2013-02-20,20,3,2,2,2013,1
9,2013-02-21,21,4,2,2,2013,1
10,2013-02-22,22,5,2,2,2013,1
11,2013-02-25,25,1,2,2,2013,1
12,2013-02-26,26,2,2,2,2013,1
13,2013-02-27,27,3,2,2,2013,1
14,2013-02-28,28,4,2,2,2013,1
15,2013-03-01,1,5,3,3,2013,1
16,2013-03-04,4,1,3,3,2013,1
17,2013-03-05,5,2,3,3,2013,1
18,2013-03-06,6,3,3,3,2013,1
19,2013-03-07,7,4,3,3,2013,1
20,2013-03-08,8,5,3,3,2013,1
21,2013-03-11,11,1,3,3,2013,1
22,2013-03-12,12,2,3,3,2013,1
23,2013-03-13,13,3,3,3,2013,1
24,2013-03-14,14,4,3,3,2013,1
25,2013-03-15,15,5,3,3,2013,1
26,2013-03-18,18,1,3,3,2013,1
27,2013-03-19,19,2,3,3,2013,1
28,2013-03-20,20,3,3,3,2013,1
29,2013-03-21,21,4,3,3,2013,1
30,2013-03-22,22,5,3,3,2013,1
31,2013-03-25,25,1,3,3,2013,1
32,2013-03-26,26,2,3,3,2013,1
33,2013-03-27,27,3,3,3,2013,1
34,2013-03-28,28,4,3,3,2013,1
35,2013-04-01,1,1,4,4,2013,2
36,2013-04-02,2,2,4,4,2013,2
37,2013-04-03,3,3,4,4,2013,2
38,2013-04-04,4,4,4,4,2013,2
39,2013-04-05,5,5,4,4,2013,2
40,2013-04-08,8,1,4,4,2013,2
41,2013-04-09,9,2,4,4,2013,2
42,2013-04-10,10,3,4,4,2013,2
43,2013-04-11,11,4,4,4,2013,2
44,2013-04-12,12,5,4,4,2013,2
45,2013-04-15,15,1,4,4,2013,2
46,2013-04-16,16,2,4,4,2013,2
47,2013-04-17,17,3,4,4,2013,2
48,2013-04-18,18,4,4,4,2013,2
49,2013-04-19,19,5,4,4,2013,2
50,2013-04-22,22,1,4,4,2013,2
51,2013-04-23,23,2,4,4,2013,2
52,2013-04-24,24,3,4,4,2013,2
53,2013-04-25,25,4,4,4,2013,2
54,2013-04-26,26,5,4,4,2013,2
55,2013-04-29,29,1,4,4,2013,2
56,2013-04-30,30,2,4,4,2013,2
57,2013-05-01,1,3,5,5,2013,2
58,2013-05-02,2,4,5,5,2013,2
59,2013-05-03,3,5,5,5,2013,2
60,2013-05-06,6,1,5,5,2013,2
61,2013-05-07,7,2,5,5,2013,2
62,2013-05-08,8,3,5,5,2013,2
63,2013-05-09,9,4,5,5,2013,2
64,2013-05-10,10,5,5,5,2013,2
65,2013-05-13,13,1,5,5,2013,2
66,2013-05-14,14,2,5,5,2013,2
67,2013-05-15,15,3,5,5,2013,2
68,2013-05-16,16,4,5,5,2013,2
69,2013-05-17,17,5,5,5,2013,2
70,2013-05-20,20,1,5,5,2013,2
71,2013-05-21,21,2,5,5,2013,2
72,2013-05-22,22,3,5,5,2013,2
73,2013-05-23,23,4,5,5,2013,2
74,2013-05-24,24,5,5,5,2013,2
75,2013-05-28,28,2,5,5,2013,2
76,2013-05-29,29,3,5,5,2013,2
77,2013-05-30,30,4,5,5,2013,2
78,2013-05-31,31,5,5,5,2013,2
79,2013-06-03,3,1,6,6,2013,2
80,2013-06-04,4,2,6,6,2013,2
81,2013-06-05,5,3,6,6,2013,2
82,2013-06-06,6,4,6,6,2013,2
83,2013-06-07,7,5,6,6,2013,2
84,2013-06-10,10,1,6,6,2013,2
85,2013-06-11,11,2,6,6,2013,2
86,2013-06-12,12,3,6,6,2013,2
87,2013-06-13,13,4,6,6,2013,2
88,2013-06-14,14,5,6,6,2013,2
89,2013-06-17,17,1,6,6,2013,2
90,2013-06-18,18,2,6,6,2013,2
91,2013-06-19,19,3,6,6,2013,2
92,2013-06-20,20,4,6,6,2013,2
93,2013-06-21,21,5,6,6,2013,2
94,2013-06-24,24,1,6,6,2013,2
95,2013-06-25,25,2,6,6,2013,2
96,2013-06-26,26,3,6,6,2013,2
97,2013-06-27,27,4,6,6,2013,2
98,2013-06-28,28,5,6,6,2013,2
99,2013-07-01,1,1,7,7,2013,3
100,2013-07-02,2,2,7,7,2013,3
101,2013-07-03,3,3,7,7,2013,3
102,2013-07-05,5,5,7,7,2013,3
103,2013-07-08,8,1,7,7,2013,3
104,2013-07-09,9,2,7,7,2013,3
105,2013-07-10,10,3,7,7,2013,3
106,2013-07-11,11,4,7,7,2013,3
107,2013-07-12,12,5,7,7,2013,3
108,2013-07-15,15,1,7,7,2013,3
109,2013-07-16,16,2,7,7,2013,3
110,2013-07-17,17,3,7,7,2013,3
111,2013-07-18,18,4,7,7,2013,3
112,2013-07-19,19,5,7,7,2013,3
113,2013-07-22,22,1,7,7,2013,3
114,2013-07-23,23,2,7,7,2013,3
115,2013-07-24,24,3,7,7,2013,3
116,2013-07-25,25,4,7,7,2013,3
117,2013-07-26,26,5,7,7,2013,3
118,2013-07-29,29,1,7,7,2013,3
119,2013-07-30,30,2,7,7,2013,3
120,2013-07-31,31,3,7,7,2013,3
121,2013-08-01,1,4,8,8,2013,3
122,2013-08-02,2,5,8,8,2013,3
123,2013-08-05,5,1,8,8,2013,3
124,2013-08-06,6,2,8,8,2013,3
125,2013-08-07,7,3,8,8,2013,3
126,2013-08-08,8,4,8,8,2013,3
127,2013-08-09,9,5,8,8,2013,3
128,2013-08-12,12,1,8,8,2013,3
129,2013-08-13,13,2,8,8,2013,3
130,2013-08-14,14,3,8,8,2013,3
131,2013-08-15,15,4,8,8,2013,3
132,2013-08-16,16,5,8,8,2013,3
133,2013-08-19,19,1,8,8,2013,3
134,2013-08-20,20,2,8,8,2013,3
135,2013-08-21,21,3,8,8,2013,3
136,2013-08-22,22,4,8,8,2013,3
137,2013-08-23,23,5,8,8,2013,3
138,2013-08-26,26,1,8,8,2013,3
139,2013-08-27,27,2,8,8,2013,3
140,2013-08-28,28,3,8,8,2013,3
141,2013-08-29,29,4,8,8,2013,3
142,2013-08-30,30,5,8,8,2013,3
143,2013-09-03,3,2,9,9,2013,3
144,2013-09-04,4,3,9,9,2013,3
145,2013-09-05,5,4,9,9,2013,3
146,2013-09-06,6,5,9,9,2013,3
147,2013-09-09,9,1,9,9,2013,3
148,2013-09-10,10,2,9,9,2013,3
149,2013-09-11,11,3,9,9,2013,3
150,2013-09-12,12,4,9,9,2013,3
151,2013-09-13,13,5,9,9,2013,3
152,2013-09-16,16,1,9,9,2013,3
153,2013-09-17,17,2,9,9,2013,3
154,2013-09-18,18,3,9,9,2013,3
155,2013-09-19,19,4,9,9,2013,3
156,2013-09-20,20,5,9,9,2013,3
157,2013-09-23,23,1,9,9,2013,3
158,2013-09-24,24,2,9,9,2013,3
159,2013-09-25,25,3,9,9,2013,3
160,2013-09-26,26,4,9,9,2013,3
161,2013-09-27,27,5,9,9,2013,3
162,2013-09-30,30,1,9,9,2013,3
163,2013-10-01,1,2,10,10,2013,4
164,2013-10-02,2,3,10,10,2013,4
165,2013-10-03,3,4,10,10,2013,4
166,2013-10-04,4,5,10,10,2013,4
167,2013-10-07,7,1,10,10,2013,4
168,2013-10-08,8,2,10,10,2013,4
169,2013-10-09,9,3,10,10,2013,4
170,2013-10-10,10,4,10,10,2013,4
171,2013-10-11,11,5,10,10,2013,4
172,2013-10-14,14,1,10,10,2013,4
173,2013-10-15,15,2,10,10,2013,4
174,2013-10-16,16,3,10,10,2013,4
175,2013-10-17,17,4,10,10,2013,4
176,2013-10-18,18,5,10,10,2013,4
177,2013-10-21,21,1,10,10,2013,4
178,2013-10-22,22,2,10,10,2013,4
179,2013-10-23,23,3,10,10,2013,4
180,2013-10-24,24,4,10,10,2013,4
181,2013-10-25,25,5,10,10,2013,4
182,2013-10-28,28,1,10,10,2013,4
183,2013-10-29,29,2,10,10,2013,4
184,2013-10-30,30,3,10,10,2013,4
185,2013-10-31,31,4,10,10,2013,4
186,2013-11-01,1,5,11,11,2013,4
187,2013-11-04,4,1,11,11,2013,4
188,2013-11-05,5,2,11,11,2013,4
189,2013-11-06,6,3,11,11,2013,4
190,2013-11-07,7,4,11,11,2013,4
191,2013-11-08,8,5,11,11,2013,4
192,2013-11-11,11,1,11,11,2013,4
193,2013-11-12,12,2,11,11,2013,4
194,2013-11-13,13,3,11,11,2013,4
195,2013-11-14,14,4,11,11,2013,4
196,2013-11-15,15,5,11,11,2013,4
197,2013-11-18,18,1,11,11,2013,4
198,2013-11-19,19,2,11,11,2013,4
199,2013-11-20,20,3,11,11,2013,4
200,2013-11-21,21,4,11,11,2013,4
201,2013-11-22,22,5,11,11,2013,4
202,2013-11-25,25,1,11,11,2013,4
203,2013-11-26,26,2,11,11,2013,4
204,2013-11-27,27,3,11,11,2013,4
205,2013-11-29,29,5,11,11,2013,4
206,2013-12-02,2,1,12,12,2013,4
207,2013-12-03,3,2,12,12,2013,4
208,2013-12-04,4,3,12,12,2013,4
209,2013-12-05,5,4,12,12,2013,4
210,2013-12-06,6,5,12,12,2013,4
211,2013-12-09,9,1,12,12,2013,4
212,2013-12-10,10,2,12,12,2013,4
213,2013-12-11,11,3,12,12,2013,4
214,2013-12-12,12,4,12,12,2013,4
215,2013-12-13,13,5,12,12,2013,4
216,2013-12-16,16,1,12,12,2013,4
217,2013-12-17,17,2,12,12,2013,4
218,2013-12-18,18,3,12,12,2013,4
219,2013-12-19,19,4,12,12,2013,4
220,2013-12-20,20,5,12,12,2013,4
221,2013-12-23,23,1,12,12,2013,4
222,2013-12-24,24,2,12,12,2013,4
223,2013-12-26,26,4,12,12,2013,4
224,2013-12-27,27,5,12,12,2013,4
225,2013-12-30,30,1,12,12,2013,4
226,2013-12-31,31,2,12,12,2013,4
227,2014-01-02,2,4,1,1,2014,1
228,2014-01-03,3,5,1,1,2014,1
229,2014-01-06,6,1,1,1,2014,1
230,2014-01-07,7,2,1,1,2014,1
231,2014-01-08,8,3,1,1,2014,1
232,2014-01-09,9,4,1,1,2014,1
233,2014-01-10,10,5,1,1,2014,1
234,2014-01-13,13,1,1,1,2014,1
235,2014-01-14,14,2,1,1,2014,1
236,2014-01-15,15,3,1,1,2014,1
237,2014-01-16,16,4,1,1,2014,1
238,2014-01-17,17,5,1,1,2014,1
239,2014-01-21,21,2,1,1,2014,1
240,2014-01-22,22,3,1,1,2014,1
241,2014-01-23,23,4,1,1,2014,1
242,2014-01-24,24,5,1,1,2014,1
243,2014-01-27,27,1,1,1,2014,1
244,2014-01-28,28,2,1,1,2014,1
245,2014-01-29,29,3,1,1,2014,1
246,2014-01-30,30,4,1,1,2014,1
247,2014-01-31,31,5,1,1,2014,1
248,2014-02-03,3,1,2,2,2014,1
249,2014-02-04,4,2,2,2,2014,1
250,2014-02-05,5,3,2,2,2014,1
251,2014-02-06,6,4,2,2,2014,1
252,2014-02-07,7,5,2,2,2014,1
253,2014-02-10,10,1,2,2,2014,1
254,2014-02-11,11,2,2,2,2014,1
255,2014-02-12,12,3,2,2,2014,1
256,2014-02-13,13,4,2,2,2014,1
257,2014-02-14,14,5,2,2,2014,1
258,2014-02-18,18,2,2,2,2014,1
259,2014-02-19,19,3,2,2,2014,1
260,2014-02-20,20,4,2,2,2014,1
261,2014-02-21,21,5,2,2,2014,1
262,2014-02-24,24,1,2,2,2014,1
263,2014-02-25,25,2,2,2,2014,1
264,2014-02-26,26,3,2,2,2014,1
265,2014-02-27,27,4,2,2,2014,1
266,2014-02-28,28,5,2,2,2014,1
267,2014-03-03,3,1,3,3,2014,1
268,2014-03-04,4,2,3,3,2014,1
269,2014-03-05,5,3,3,3,2014,1
270,2014-03-06,6,4,3,3,2014,1
271,2014-03-07,7,5,3,3,2014,1
272,2014-03-10,10,1,3,3,2014,1
273,2014-03-11,11,2,3,3,2014,1
274,2014-03-12,12,3,3,3,2014,1
275,2014-03-13,13,4,3,3,2014,1
276,2014-03-14,14,5,3,3,2014,1
277,2014-03-17,17,1,3,3,2014,1
278,2014-03-18,18,2,3,3,2014,1
279,2014-03-19,19,3,3,3,2014,1
280,2014-03-20,20,4,3,3,2014,1
281,2014-03-21,21,5,3,3,2014,1
282,2014-03-24,24,1,3,3,2014,1
283,2014-03-25,25,2,3,3,2014,1
284,2014-03-26,26,3,3,3,2014,1
285,2014-03-27,27,4,3,3,2014,1
286,2014-03-28,28,5,3,3,2014,1
287,2014-03-31,31,1,3,3,2014,1
288,2014-04-01,1,2,4,4,2014,2
289,2014-04-02,2,3,4,4,2014,2
290,2014-04-03,3,4,4,4,2014,2
291,2014-04-04,4,5,4,4,2014,2
292,2014-04-07,7,1,4,4,2014,2
293,2014-04-08,8,2,4,4,2014,2
294,2014-04-09,9,3,4,4,2014,2
295,2014-04-10,10,4,4,4,2014,2
296,2014-04-11,11,5,4,4,2014,2
297,2014-04-14,14,1,4,4,2014,2
298,2014-04-15,15,2,4,4,2014,2
299,2014-04-16,16,3,4,4,2014,2
300,2014-04-17,17,4,4,4,2014,2
301,2014-04-21,21,1,4,4,2014,2
302,2014-04-22,22,2,4,4,2014,2
303,2014-04-23,23,3,4,4,2014,2
304,2014-04-24,24,4,4,4,2014,2
305,2014-04-25,25,5,4,4,2014,2
306,2014-04-28,28,1,4,4,2014,2
307,2014-04-29,29,2,4,4,2014,2
308,2014-04-30,30,3,4,4,2014,2
309,2014-05-01,1,4,5,5,2014,2
310,2014-05-02,2,5,5,5,2014,2
311,2014-05-05,5,1,5,5,2014,2
312,2014-05-06,6,2,5,5,2014,2
313,2014-05-07,7,3,5,5,2014,2
314,2014-05-08,8,4,5,5,2014,2
315,2014-05-09,9,5,5,5,2014,2
316,2014-05-12,12,1,5,5,2014,2
317,2014-05-13,13,2,5,5,2014,2
318,2014-05-14,14,3,5,5,2014,2
319,2014-05-15,15,4,5,5,2014,2
320,2014-05-16,16,5,5,5,2014,2
321,2014-05-19,19,1,5,5,2014,2
322,2014-05-20,20,2,5,5,2014,2
323,2014-05-21,21,3,5,5,2014,2
324,2014-05-22,22,4,5,5,2014,2
325,2014-05-23,23,5,5,5,2014,2
326,2014-05-27,27,2,5,5,2014,2
327,2014-05-28,28,3,5,5,2014,2
328,2014-05-29,29,4,5,5,2014,2
329,2014-05-30,30,5,5,5,2014,2
330,2014-06-02,2,1,6,6,2014,2
331,2014-06-03,3,2,6,6,2014,2
332,2014-06-04,4,3,6,6,2014,2
333,2014-06-05,5,4,6,6,2014,2
334,2014-06-06,6,5,6,6,2014,2
335,2014-06-09,9,1,6,6,2014,2
336,2014-06-10,10,2,6,6,2014,2
337,2014-06-11,11,3,6,6,2014,2
338,2014-06-12,12,4,6,6,2014,2
339,2014-06-13,13,5,6,6,2014,2
340,2014-06-16,16,1,6,6,2014,2
341,2014-06-17,17,2,6,6,2014,2
342,2014-06-18,18,3,6,6,2014,2
343,2014-06-19,19,4,6,6,2014,2
344,2014-06-20,20,5,6,6,2014,2
345,2014-06-23,23,1,6,6,2014,2
346,2014-06-24,24,2,6,6,2014,2
347,2014-06-25,25,3,6,6,2014,2
348,2014-06-26,26,4,6,6,2014,2
349,2014-06-27,27,5,6,6,2014,2
350,2014-06-30,30,1,6,6,2014,2
351,2014-07-01,1,2,7,7,2014,3
352,2014-07-02,2,3,7,7,2014,3
353,2014-07-03,3,4,7,7,2014,3
354,2014-07-07,7,1,7,7,2014,3
355,2014-07-08,8,2,7,7,2014,3
356,2014-07-09,9,3,7,7,2014,3
357,2014-07-10,10,4,7,7,2014,3
358,2014-07-11,11,5,7,7,2014,3
359,2014-07-14,14,1,7,7,2014,3
360,2014-07-15,15,2,7,7,2014,3
361,2014-07-16,16,3,7,7,2014,3
362,2014-07-17,17,4,7,7,2014,3
363,2014-07-18,18,5,7,7,2014,3
364,2014-07-21,21,1,7,7,2014,3
365,2014-07-22,22,2,7,7,2014,3
366,2014-07-23,23,3,7,7,2014,3
367,2014-07-24,24,4,7,7,2014,3
368,2014-07-25,25,5,7,7,2014,3
369,2014-07-28,28,1,7,7,2014,3
370,2014-07-29,29,2,7,7,2014,3
371,2014-07-30,30,3,7,7,2014,3
372,2014-07-31,31,4,7,7,2014,3
373,2014-08-01,1,5,8,8,2014,3
374,2014-08-04,4,1,8,8,2014,3
375,2014-08-05,5,2,8,8,2014,3
376,2014-08-06,6,3,8,8,2014,3
377,2014-08-07,7,4,8,8,2014,3
378,2014-08-08,8,5,8,8,2014,3
379,2014-08-11,11,1,8,8,2014,3
380,2014-08-12,12,2,8,8,2014,3
381,2014-08-13,13,3,8,8,2014,3
382,2014-08-14,14,4,8,8,2014,3
383,2014-08-15,15,5,8,8,2014,3
384,2014-08-18,18,1,8,8,2014,3
385,2014-08-19,19,2,8,8,2014,3
386,2014-08-20,20,3,8,8,2014,3
387,2014-08-21,21,4,8,8,2014,3
388,2014-08-22,22,5,8,8,2014,3
389,2014-08-25,25,1,8,8,2014,3
390,2014-08-26,26,2,8,8,2014,3
391,2014-08-27,27,3,8,8,2014,3
392,2014-08-28,28,4,8,8,2014,3
393,2014-08-29,29,5,8,8,2014,3
394,2014-09-02,2,2,9,9,2014,3
395,2014-09-03,3,3,9,9,2014,3
396,2014-09-04,4,4,9,9,2014,3
397,2014-09-05,5,5,9,9,2014,3
398,2014-09-08,8,1,9,9,2014,3
399,2014-09-09,9,2,9,9,2014,3
400,2014-09-10,10,3,9,9,2014,3
401,2014-09-11,11,4,9,9,2014,3
402,2014-09-12,12,5,9,9,2014,3
403,2014-09-15,15,1,9,9,2014,3
404,2014-09-16,16,2,9,9,2014,3
405,2014-09-17,17,3,9,9,2014,3
406,2014-09-18,18,4,9,9,2014,3
407,2014-09-19,19,5,9,9,2014,3
408,2014-09-22,22,1,9,9,2014,3
409,2014-09-23,23,2,9,9,2014,3
410,2014-09-24,24,3,9,9,2014,3
411,2014-09-25,25,4,9,9,2014,3
412,2014-09-26,26,5,9,9,2014,3
413,2014-09-29,29,1,9,9,2014,3
414,2014-09-30,30,2,9,9,2014,3
415,2014-10-01,1,3,10,10,2014,4
416,2014-10-02,2,4,10,10,2014,4
417,2014-10-03,3,5,10,10,2014,4
418,2014-10-06,6,1,10,10,2014,4
419,2014-10-07,7,2,10,10,2014,4
420,2014-10-08,8,3,10,10,2014,4
421,2014-10-09,9,4,10,10,2014,4
422,2014-10-10,10,5,10,10,2014,4
423,2014-10-13,13,1,10,10,2014,4
424,2014-10-14,14,2,10,10,2014,4
425,2014-10-15,15,3,10,10,2014,4
426,2014-10-16,16,4,10,10,2014,4
427,2014-10-17,17,5,10,10,2014,4
428,2014-10-20,20,1,10,10,2014,4
429,2014-10-21,21,2,10,10,2014,4
430,2014-10-22,22,3,10,10,2014,4
431,2014-10-23,23,4,10,10,2014,4
432,2014-10-24,24,5,10,10,2014,4
433,2014-10-27,27,1,10,10,2014,4
434,2014-10-28,28,2,10,10,2014,4
435,2014-10-29,29,3,10,10,2014,4
436,2014-10-30,30,4,10,10,2014,4
437,2014-10-31,31,5,10,10,2014,4
438,2014-11-03,3,1,11,11,2014,4
439,2014-11-04,4,2,11,11,2014,4
440,2014-11-05,5,3,11,11,2014,4
441,2014-11-06,6,4,11,11,2014,4
442,2014-11-07,7,5,11,11,2014,4
443,2014-11-10,10,1,11,11,2014,4
444,2014-11-11,11,2,11,11,2014,4
445,2014-11-12,12,3,11,11,2014,4
446,2014-11-13,13,4,11,11,2014,4
447,2014-11-14,14,5,11,11,2014,4
448,2014-11-17,17,1,11,11,2014,4
449,2014-11-18,18,2,11,11,2014,4
450,2014-11-19,19,3,11,11,2014,4
451,2014-11-20,20,4,11,11,2014,4
452,2014-11-21,21,5,11,11,2014,4
453,2014-11-24,24,1,11,11,2014,4
454,2014-11-25,25,2,11,11,2014,4
455,2014-11-26,26,3,11,11,2014,4
456,2014-11-28,28,5,11,11,2014,4
457,2014-12-01,1,1,12,12,2014,4
458,2014-12-02,2,2,12,12,2014,4
459,2014-12-03,3,3,12,12,2014,4
460,2014-12-04,4,4,12,12,2014,4
461,2014-12-05,5,5,12,12,2014,4
462,2014-12-08,8,1,12,12,2014,4
463,2014-12-09,9,2,12,12,2014,4
464,2014-12-10,10,3,12,12,2014,4
465,2014-12-11,11,4,12,12,2014,4
466,2014-12-12,12,5,12,12,2014,4
467,2014-12-15,15,1,12,12,2014,4
468,2014-12-16,16,2,12,12,2014,4
469,2014-12-17,17,3,12,12,2014,4
470,2014-12-18,18,4,12,12,2014,4
471,2014-12-19,19,5,12,12,2014,4
472,2014-12-22,22,1,12,12,2014,4
473,2014-12-23,23,2,12,12,2014,4
474,2014-12-24,24,3,12,12,2014,4
475,2014-12-26,26,5,12,12,2014,4
476,2014-12-29,29,1,12,12,2014,4
477,2014-12-30,30,2,12,12,2014,4
478,2014-12-31,31,3,12,12,2014,4
479,2015-01-02,2,5,1,1,2015,1
480,2015-01-05,5,1,1,1,2015,1
481,2015-01-06,6,2,1,1,2015,1
482,2015-01-07,7,3,1,1,2015,1
483,2015-01-08,8,4,1,1,2015,1
484,2015-01-09,9,5,1,1,2015,1
485,2015-01-12,12,1,1,1,2015,1
486,2015-01-13,13,2,1,1,2015,1
487,2015-01-14,14,3,1,1,2015,1
488,2015-01-15,15,4,1,1,2015,1
489,2015-01-16,16,5,1,1,2015,1
490,2015-01-20,20,2,1,1,2015,1
491,2015-01-21,21,3,1,1,2015,1
492,2015-01-22,22,4,1,1,2015,1
493,2015-01-23,23,5,1,1,2015,1
494,2015-01-26,26,1,1,1,2015,1
495,2015-01-27,27,2,1,1,2015,1
496,2015-01-28,28,3,1,1,2015,1
497,2015-01-29,29,4,1,1,2015,1
498,2015-01-30,30,5,1,1,2015,1
499,2015-02-02,2,1,2,2,2015,1
500,2015-02-03,3,2,2,2,2015,1
501,2015-02-04,4,3,2,2,2015,1
502,2015-02-05,5,4,2,2,2015,1
503,2015-02-06,6,5,2,2,2015,1
504,2015-02-09,9,1,2,2,2015,1
505,2015-02-10,10,2,2,2,2015,1
506,2015-02-11,11,3,2,2,2015,1
507,2015-02-12,12,4,2,2,2015,1
508,2015-02-13,13,5,2,2,2015,1
509,2015-02-17,17,2,2,2,2015,1
510,2015-02-18,18,3,2,2,2015,1
511,2015-02-19,19,4,2,2,2015,1
512,2015-02-20,20,5,2,2,2015,1
513,2015-02-23,23,1,2,2,2015,1
514,2015-02-24,24,2,2,2,2015,1
515,2015-02-25,25,3,2,2,2015,1
516,2015-02-26,26,4,2,2,2015,1
517,2015-02-27,27,5,2,2,2015,1
518,2015-03-02,2,1,3,3,2015,1
519,2015-03-03,3,2,3,3,2015,1
520,2015-03-04,4,3,3,3,2015,1
521,2015-03-05,5,4,3,3,2015,1
522,2015-03-06,6,5,3,3,2015,1
523,2015-03-09,9,1,3,3,2015,1
524,2015-03-10,10,2,3,3,2015,1
525,2015-03-11,11,3,3,3,2015,1
526,2015-03-12,12,4,3,3,2015,1
527,2015-03-13,13,5,3,3,2015,1
528,2015-03-16,16,1,3,3,2015,1
529,2015-03-17,17,2,3,3,2015,1
530,2015-03-18,18,3,3,3,2015,1
531,2015-03-19,19,4,3,3,2015,1
532,2015-03-20,20,5,3,3,2015,1
533,2015-03-23,23,1,3,3,2015,1
534,2015-03-24,24,2,3,3,2015,1
535,2015-03-25,25,3,3,3,2015,1
536,2015-03-26,26,4,3,3,2015,1
537,2015-03-27,27,5,3,3,2015,1
538,2015-03-30,30,1,3,3,2015,1
539,2015-03-31,31,2,3,3,2015,1
540,2015-04-01,1,3,4,4,2015,2
541,2015-04-02,2,4,4,4,2015,2
542,2015-04-06,6,1,4,4,2015,2
543,2015-04-07,7,2,4,4,2015,2
544,2015-04-08,8,3,4,4,2015,2
545,2015-04-09,9,4,4,4,2015,2
546,2015-04-10,10,5,4,4,2015,2
547,2015-04-13,13,1,4,4,2015,2
548,2015-04-14,14,2,4,4,2015,2
549,2015-04-15,15,3,4,4,2015,2
550,2015-04-16,16,4,4,4,2015,2
551,2015-04-17,17,5,4,4,2015,2
552,2015-04-20,20,1,4,4,2015,2
553,2015-04-21,21,2,4,4,2015,2
554,2015-04-22,22,3,4,4,2015,2
555,2015-04-23,23,4,4,4,2015,2
556,2015-04-24,24,5,4,4,2015,2
557,2015-04-27,27,1,4,4,2015,2
558,2015-04-28,28,2,4,4,2015,2
559,2015-04-29,29,3,4,4,2015,2
560,2015-04-30,30,4,4,4,2015,2
561,2015-05-01,1,5,5,5,2015,2
562,2015-05-04,4,1,5,5,2015,2
563,2015-05-05,5,2,5,5,2015,2
564,2015-05-06,6,3,5,5,2015,2
565,2015-05-07,7,4,5,5,2015,2
566,2015-05-08,8,5,5,5,2015,2
567,2015-05-11,11,1,5,5,2015,2
568,2015-05-12,12,2,5,5,2015,2
569,2015-05-13,13,3,5,5,2015,2
570,2015-05-14,14,4,5,5,2015,2
571,2015-05-15,15,5,5,5,2015,2
572,2015-05-18,18,1,5,5,2015,2
573,2015-05-19,19,2,5,5,2015,2
574,2015-05-20,20,3,5,5,2015,2
575,2015-05-21,21,4,5,5,2015,2
576,2015-05-22,22,5,5,5,2015,2
577,2015-05-26,26,2,5,5,2015,2
578,2015-05-27,27,3,5,5,2015,2
579,2015-05-28,28,4,5,5,2015,2
580,2015-05-29,29,5,5,5,2015,2
581,2015-06-01,1,1,6,6,2015,2
582,2015-06-02,2,2,6,6,2015,2
583,2015-06-03,3,3,6,6,2015,2
584,2015-06-04,4,4,6,6,2015,2
585,2015-06-05,5,5,6,6,2015,2
586,2015-06-08,8,1,6,6,2015,2
587,2015-06-09,9,2,6,6,2015,2
588,2015-06-10,10,3,6,6,2015,2
589,2015-06-11,11,4,6,6,2015,2
590,2015-06-12,12,5,6,6,2015,2
591,2015-06-15,15,1,6,6,2015,2
592,2015-06-16,16,2,6,6,2015,2
593,2015-06-17,17,3,6,6,2015,2
594,2015-06-18,18,4,6,6,2015,2
595,2015-06-19,19,5,6,6,2015,2
596,2015-06-22,22,1,6,6,2015,2
597,2015-06-23,23,2,6,6,2015,2
598,2015-06-24,24,3,6,6,2015,2
599,2015-06-25,25,4,6,6,2015,2
600,2015-06-26,26,5,6,6,2015,2
601,2015-06-29,29,1,6,6,2015,2
602,2015-06-30,30,2,6,6,2015,2
603,2015-07-01,1,3,7,7,2015,3
604,2015-07-02,2,4,7,7,2015,3
605,2015-07-06,6,1,7,7,2015,3
606,2015-07-07,7,2,7,7,2015,3
607,2015-07-08,8,3,7,7,2015,3
608,2015-07-09,9,4,7,7,2015,3
609,2015-07-10,10,5,7,7,2015,3
610,2015-07-13,13,1,7,7,2015,3
611,2015-07-14,14,2,7,7,2015,3
612,2015-07-15,15,3,7,7,2015,3
613,2015-07-16,16,4,7,7,2015,3
614,2015-07-17,17,5,7,7,2015,3
615,2015-07-20,20,1,7,7,2015,3
616,2015-07-21,21,2,7,7,2015,3
617,2015-07-22,22,3,7,7,2015,3
618,2015-07-23,23,4,7,7,2015,3
619,2015-07-24,24,5,7,7,2015,3
620,2015-07-27,27,1,7,7,2015,3
621,2015-07-28,28,2,7,7,2015,3
622,2015-07-29,29,3,7,7,2015,3
623,2015-07-30,30,4,7,7,2015,3
624,2015-07-31,31,5,7,7,2015,3
625,2015-08-03,3,1,8,8,2015,3
626,2015-08-04,4,2,8,8,2015,3
627,2015-08-05,5,3,8,8,2015,3
628,2015-08-06,6,4,8,8,2015,3
629,2015-08-07,7,5,8,8,2015,3
630,2015-08-10,10,1,8,8,2015,3
631,2015-08-11,11,2,8,8,2015,3
632,2015-08-12,12,3,8,8,2015,3
633,2015-08-13,13,4,8,8,2015,3
634,2015-08-14,14,5,8,8,2015,3
635,2015-08-17,17,1,8,8,2015,3
636,2015-08-18,18,2,8,8,2015,3
637,2015-08-19,19,3,8,8,2015,3
638,2015-08-20,20,4,8,8,2015,3
639,2015-08-21,21,5,8,8,2015,3
640,2015-08-24,24,1,8,8,2015,3
641,2015-08-25,25,2,8,8,2015,3
642,2015-08-26,26,3,8,8,2015,3
643,2015-08-27,27,4,8,8,2015,3
644,2015-08-28,28,5,8,8,2015,3
645,2015-08-31,31,1,8,8,2015,3
646,2015-09-01,1,2,9,9,2015,3
647,2015-09-02,2,3,9,9,2015,3
648,2015-09-03,3,4,9,9,2015,3
649,2015-09-04,4,5,9,9,2015,3
650,2015-09-08,8,2,9,9,2015,3
651,2015-09-09,9,3,9,9,2015,3
652,2015-09-10,10,4,9,9,2015,3
653,2015-09-11,11,5,9,9,2015,3
654,2015-09-14,14,1,9,9,2015,3
655,2015-09-15,15,2,9,9,2015,3
656,2015-09-16,16,3,9,9,2015,3
657,2015-09-17,17,4,9,9,2015,3
658,2015-09-18,18,5,9,9,2015,3
659,2015-09-21,21,1,9,9,2015,3
660,2015-09-22,22,2,9,9,2015,3
661,2015-09-23,23,3,9,9,2015,3
662,2015-09-24,24,4,9,9,2015,3
663,2015-09-25,25,5,9,9,2015,3
664,2015-09-28,28,1,9,9,2015,3
665,2015-09-29,29,2,9,9,2015,3
666,2015-09-30,30,3,9,9,2015,3
667,2015-10-01,1,4,10,10,2015,4
668,2015-10-02,2,5,10,10,2015,4
669,2015-10-05,5,1,10,10,2015,4
670,2015-10-06,6,2,10,10,2015,4
671,2015-10-07,7,3,10,10,2015,4
672,2015-10-08,8,4,10,10,2015,4
673,2015-10-09,9,5,10,10,2015,4
674,2015-10-12,12,1,10,10,2015,4
675,2015-10-13,13,2,10,10,2015,4
676,2015-10-14,14,3,10,10,2015,4
677,2015-10-15,15,4,10,10,2015,4
678,2015-10-16,16,5,10,10,2015,4
679,2015-10-19,19,1,10,10,2015,4
680,2015-10-20,20,2,10,10,2015,4
681,2015-10-21,21,3,10,10,2015,4
682,2015-10-22,22,4,10,10,2015,4
683,2015-10-23,23,5,10,10,2015,4
684,2015-10-26,26,1,10,10,2015,4
685,2015-10-27,27,2,10,10,2015,4
686,2015-10-28,28,3,10,10,2015,4
687,2015-10-29,29,4,10,10,2015,4
688,2015-10-30,30,5,10,10,2015,4
689,2015-11-02,2,1,11,11,2015,4
690,2015-11-03,3,2,11,11,2015,4
691,2015-11-04,4,3,11,11,2015,4
692,2015-11-05,5,4,11,11,2015,4
693,2015-11-06,6,5,11,11,2015,4
694,2015-11-09,9,1,11,11,2015,4
695,2015-11-10,10,2,11,11,2015,4
696,2015-11-11,11,3,11,11,2015,4
697,2015-11-12,12,4,11,11,2015,4
698,2015-11-13,13,5,11,11,2015,4
699,2015-11-16,16,1,11,11,2015,4
700,2015-11-17,17,2,11,11,2015,4
701,2015-11-18,18,3,11,11,2015,4
702,2015-11-19,19,4,11,11,2015,4
703,2015-11-20,20,5,11,11,2015,4
704,2015-11-23,23,1,11,11,2015,4
705,2015-11-24,24,2,11,11,2015,4
706,2015-11-25,25,3,11,11,2015,4
707,2015-11-27,27,5,11,11,2015,4
708,2015-11-30,30,1,11,11,2015,4
709,2015-12-01,1,2,12,12,2015,4
710,2015-12-02,2,3,12,12,2015,4
711,2015-12-03,3,4,12,12,2015,4
712,2015-12-04,4,5,12,12,2015,4
713,2015-12-07,7,1,12,12,2015,4
714,2015-12-08,8,2,12,12,2015,4
715,2015-12-09,9,3,12,12,2015,4
716,2015-12-10,10,4,12,12,2015,4
717,2015-12-11,11,5,12,12,2015,4
718,2015-12-14,14,1,12,12,2015,4
719,2015-12-15,15,2,12,12,2015,4
720,2015-12-16,16,3,12,12,2015,4
721,2015-12-17,17,4,12,12,2015,4
722,2015-12-18,18,5,12,12,2015,4
723,2015-12-21,21,1,12,12,2015,4
724,2015-12-22,22,2,12,12,2015,4
725,2015-12-23,23,3,12,12,2015,4
726,2015-12-24,24,4,12,12,2015,4
727,2015-12-28,28,1,12,12,2015,4
728,2015-12-29,29,2,12,12,2015,4
729,2015-12-30,30,3,12,12,2015,4
730,2015-12-31,31,4,12,12,2015,4
731,2016-01-04,4,1,1,1,2016,1
732,2016-01-05,5,2,1,1,2016,1
733,2016-01-06,6,3,1,1,2016,1
734,2016-01-07,7,4,1,1,2016,1
735,2016-01-08,8,5,1,1,2016,1
736,2016-01-11,11,1,1,1,2016,1
737,2016-01-12,12,2,1,1,2016,1
738,2016-01-13,13,3,1,1,2016,1
739,2016-01-14,14,4,1,1,2016,1
740,2016-01-15,15,5,1,1,2016,1
741,2016-01-19,19,2,1,1,2016,1
742,2016-01-20,20,3,1,1,2016,1
743,2016-01-21,21,4,1,1,2016,1
744,2016-01-22,22,5,1,1,2016,1
745,2016-01-25,25,1,1,1,2016,1
746,2016-01-26,26,2,1,1,2016,1
747,2016-01-27,27,3,1,1,2016,1
748,2016-01-28,28,4,1,1,2016,1
749,2016-01-29,29,5,1,1,2016,1
750,2016-02-01,1,1,2,2,2016,1
751,2016-02-02,2,2,2,2,2016,1
752,2016-02-03,3,3,2,2,2016,1
753,2016-02-04,4,4,2,2,2016,1
754,2016-02-05,5,5,2,2,2016,1
755,2016-02-08,8,1,2,2,2016,1
756,2016-02-09,9,2,2,2,2016,1
757,2016-02-10,10,3,2,2,2016,1
758,2016-02-11,11,4,2,2,2016,1
759,2016-02-12,12,5,2,2,2016,1
760,2016-02-16,16,2,2,2,2016,1
761,2016-02-17,17,3,2,2,2016,1
762,2016-02-18,18,4,2,2,2016,1
763,2016-02-19,19,5,2,2,2016,1
764,2016-02-22,22,1,2,2,2016,1
765,2016-02-23,23,2,2,2,2016,1
766,2016-02-24,24,3,2,2,2016,1
767,2016-02-25,25,4,2,2,2016,1
768,2016-02-26,26,5,2,2,2016,1
769,2016-02-29,29,1,2,2,2016,1
770,2016-03-01,1,2,3,3,2016,1
771,2016-03-02,2,3,3,3,2016,1
772,2016-03-03,3,4,3,3,2016,1
773,2016-03-04,4,5,3,3,2016,1
774,2016-03-07,7,1,3,3,2016,1
775,2016-03-08,8,2,3,3,2016,1
776,2016-03-09,9,3,3,3,2016,1
777,2016-03-10,10,4,3,3,2016,1
778,2016-03-11,11,5,3,3,2016,1
779,2016-03-14,14,1,3,3,2016,1
780,2016-03-15,15,2,3,3,2016,1
781,2016-03-16,16,3,3,3,2016,1
782,2016-03-17,17,4,3,3,2016,1
783,2016-03-18,18,5,3,3,2016,1
784,2016-03-21,21,1,3,3,2016,1
785,2016-03-22,22,2,3,3,2016,1
786,2016-03-23,23,3,3,3,2016,1
787,2016-03-24,24,4,3,3,2016,1
788,2016-03-28,28,1,3,3,2016,1
789,2016-03-29,29,2,3,3,2016,1
790,2016-03-30,30,3,3,3,2016,1
791,2016-03-31,31,4,3,3,2016,1
792,2016-04-01,1,5,4,4,2016,2
793,2016-04-04,4,1,4,4,2016,2
794,2016-04-05,5,2,4,4,2016,2
795,2016-04-06,6,3,4,4,2016,2
796,2016-04-07,7,4,4,4,2016,2
797,2016-04-08,8,5,4,4,2016,2
798,2016-04-11,11,1,4,4,2016,2
799,2016-04-12,12,2,4,4,2016,2
800,2016-04-13,13,3,4,4,2016,2
801,2016-04-14,14,4,4,4,2016,2
802,2016-04-15,15,5,4,4,2016,2
803,2016-04-18,18,1,4,4,2016,2
804,2016-04-19,19,2,4,4,2016,2
805,2016-04-20,20,3,4,4,2016,2
806,2016-04-21,21,4,4,4,2016,2
807,2016-04-22,22,5,4,4,2016,2
808,2016-04-25,25,1,4,4,2016,2
809,2016-04-26,26,2,4,4,2016,2
810,2016-04-27,27,3,4,4,2016,2
811,2016-04-28,28,4,4,4,2016,2
812,2016-04-29,29,5,4,4,2016,2
813,2016-05-02,2,1,5,5,2016,2
814,2016-05-03,3,2,5,5,2016,2
815,2016-05-04,4,3,5,5,2016,2
816,2016-05-05,5,4,5,5,2016,2
817,2016-05-06,6,5,5,5,2016,2
818,2016-05-09,9,1,5,5,2016,2
819,2016-05-10,10,2,5,5,2016,2
820,2016-05-11,11,3,5,5,2016,2
821,2016-05-12,12,4,5,5,2016,2
822,2016-05-13,13,5,5,5,2016,2
823,2016-05-16,16,1,5,5,2016,2
824,2016-05-17,17,2,5,5,2016,2
825,2016-05-18,18,3,5,5,2016,2
826,2016-05-19,19,4,5,5,2016,2
827,2016-05-20,20,5,5,5,2016,2
828,2016-05-23,23,1,5,5,2016,2
829,2016-05-24,24,2,5,5,2016,2
830,2016-05-25,25,3,5,5,2016,2
831,2016-05-26,26,4,5,5,2016,2
832,2016-05-27,27,5,5,5,2016,2
833,2016-05-31,31,2,5,5,2016,2
834,2016-06-01,1,3,6,6,2016,2
835,2016-06-02,2,4,6,6,2016,2
836,2016-06-03,3,5,6,6,2016,2
837,2016-06-06,6,1,6,6,2016,2
838,2016-06-07,7,2,6,6,2016,2
839,2016-06-08,8,3,6,6,2016,2
840,2016-06-09,9,4,6,6,2016,2
841,2016-06-10,10,5,6,6,2016,2
842,2016-06-13,13,1,6,6,2016,2
843,2016-06-14,14,2,6,6,2016,2
844,2016-06-15,15,3,6,6,2016,2
845,2016-06-16,16,4,6,6,2016,2
846,2016-06-17,17,5,6,6,2016,2
847,2016-06-20,20,1,6,6,2016,2
848,2016-06-21,21,2,6,6,2016,2
849,2016-06-22,22,3,6,6,2016,2
850,2016-06-23,23,4,6,6,2016,2
851,2016-06-24,24,5,6,6,2016,2
852,2016-06-27,27,1,6,6,2016,2
853,2016-06-28,28,2,6,6,2016,2
854,2016-06-29,29,3,6,6,2016,2
855,2016-06-30,30,4,6,6,2016,2
856,2016-07-01,1,5,7,7,2016,3
857,2016-07-05,5,2,7,7,2016,3
858,2016-07-06,6,3,7,7,2016,3
859,2016-07-07,7,4,7,7,2016,3
860,2016-07-08,8,5,7,7,2016,3
861,2016-07-11,11,1,7,7,2016,3
862,2016-07-12,12,2,7,7,2016,3
863,2016-07-13,13,3,7,7,2016,3
864,2016-07-14,14,4,7,7,2016,3
865,2016-07-15,15,5,7,7,2016,3
866,2016-07-18,18,1,7,7,2016,3
867,2016-07-19,19,2,7,7,2016,3
868,2016-07-20,20,3,7,7,2016,3
869,2016-07-21,21,4,7,7,2016,3
870,2016-07-22,22,5,7,7,2016,3
871,2016-07-25,25,1,7,7,2016,3
872,2016-07-26,26,2,7,7,2016,3
873,2016-07-27,27,3,7,7,2016,3
874,2016-07-28,28,4,7,7,2016,3
875,2016-07-29,29,5,7,7,2016,3
876,2016-08-01,1,1,8,8,2016,3
877,2016-08-02,2,2,8,8,2016,3
878,2016-08-03,3,3,8,8,2016,3
879,2016-08-04,4,4,8,8,2016,3
880,2016-08-05,5,5,8,8,2016,3
881,2016-08-08,8,1,8,8,2016,3
882,2016-08-09,9,2,8,8,2016,3
883,2016-08-10,10,3,8,8,2016,3
884,2016-08-11,11,4,8,8,2016,3
885,2016-08-12,12,5,8,8,2016,3
886,2016-08-15,15,1,8,8,2016,3
887,2016-08-16,16,2,8,8,2016,3
888,2016-08-17,17,3,8,8,2016,3
889,2016-08-18,18,4,8,8,2016,3
890,2016-08-19,19,5,8,8,2016,3
891,2016-08-22,22,1,8,8,2016,3
892,2016-08-23,23,2,8,8,2016,3
893,2016-08-24,24,3,8,8,2016,3
894,2016-08-25,25,4,8,8,2016,3
895,2016-08-26,26,5,8,8,2016,3
896,2016-08-29,29,1,8,8,2016,3
897,2016-08-30,30,2,8,8,2016,3
898,2016-08-31,31,3,8,8,2016,3
899,2016-09-01,1,4,9,9,2016,3
900,2016-09-02,2,5,9,9,2016,3
901,2016-09-06,6,2,9,9,2016,3
902,2016-09-07,7,3,9,9,2016,3
903,2016-09-08,8,4,9,9,2016,3
904,2016-09-09,9,5,9,9,2016,3
905,2016-09-12,12,1,9,9,2016,3
906,2016-09-13,13,2,9,9,2016,3
907,2016-09-14,14,3,9,9,2016,3
908,2016-09-15,15,4,9,9,2016,3
909,2016-09-16,16,5,9,9,2016,3
910,2016-09-19,19,1,9,9,2016,3
911,2016-09-20,20,2,9,9,2016,3
912,2016-09-21,21,3,9,9,2016,3
913,2016-09-22,22,4,9,9,2016,3
914,2016-09-23,23,5,9,9,2016,3
915,2016-09-26,26,1,9,9,2016,3
916,2016-09-27,27,2,9,9,2016,3
917,2016-09-28,28,3,9,9,2016,3
918,2016-09-29,29,4,9,9,2016,3
919,2016-09-30,30,5,9,9,2016,3
920,2016-10-03,3,1,10,10,2016,4
921,2016-10-04,4,2,10,10,2016,4
922,2016-10-05,5,3,10,10,2016,4
923,2016-10-06,6,4,10,10,2016,4
924,2016-10-07,7,5,10,10,2016,4
925,2016-10-10,10,1,10,10,2016,4
926,2016-10-11,11,2,10,10,2016,4
927,2016-10-12,12,3,10,10,2016,4
928,2016-10-13,13,4,10,10,2016,4
929,2016-10-14,14,5,10,10,2016,4
930,2016-10-17,17,1,10,10,2016,4
931,2016-10-18,18,2,10,10,2016,4
932,2016-10-19,19,3,10,10,2016,4
933,2016-10-20,20,4,10,10,2016,4
934,2016-10-21,21,5,10,10,2016,4
935,2016-10-24,24,1,10,10,2016,4
936,2016-10-25,25,2,10,10,2016,4
937,2016-10-26,26,3,10,10,2016,4
938,2016-10-27,27,4,10,10,2016,4
939,2016-10-28,28,5,10,10,2016,4
940,2016-10-31,31,1,10,10,2016,4
941,2016-11-01,1,2,11,11,2016,4
942,2016-11-02,2,3,11,11,2016,4
943,2016-11-03,3,4,11,11,2016,4
944,2016-11-04,4,5,11,11,2016,4
945,2016-11-07,7,1,11,11,2016,4
946,2016-11-08,8,2,11,11,2016,4
947,2016-11-09,9,3,11,11,2016,4
948,2016-11-10,10,4,11,11,2016,4
949,2016-11-11,11,5,11,11,2016,4
950,2016-11-14,14,1,11,11,2016,4
951,2016-11-15,15,2,11,11,2016,4
952,2016-11-16,16,3,11,11,2016,4
953,2016-11-17,17,4,11,11,2016,4
954,2016-11-18,18,5,11,11,2016,4
955,2016-11-21,21,1,11,11,2016,4
956,2016-11-22,22,2,11,11,2016,4
957,2016-11-23,23,3,11,11,2016,4
958,2016-11-25,25,5,11,11,2016,4
959,2016-11-28,28,1,11,11,2016,4
960,2016-11-29,29,2,11,11,2016,4
961,2016-11-30,30,3,11,11,2016,4
962,2016-12-01,1,4,12,12,2016,4
963,2016-12-02,2,5,12,12,2016,4
964,2016-12-05,5,1,12,12,2016,4
965,2016-12-06,6,2,12,12,2016,4
966,2016-12-07,7,3,12,12,2016,4
967,2016-12-08,8,4,12,12,2016,4
968,2016-12-09,9,5,12,12,2016,4
969,2016-12-12,12,1,12,12,2016,4
970,2016-12-13,13,2,12,12,2016,4
971,2016-12-14,14,3,12,12,2016,4
972,2016-12-15,15,4,12,12,2016,4
973,2016-12-16,16,5,12,12,2016,4
974,2016-12-19,19,1,12,12,2016,4
975,2016-12-20,20,2,12,12,2016,4
976,2016-12-21,21,3,12,12,2016,4
977,2016-12-22,22,4,12,12,2016,4
978,2016-12-23,23,5,12,12,2016,4
979,2016-12-27,27,2,12,12,2016,4
980,2016-12-28,28,3,12,12,2016,4
981,2016-12-29,29,4,12,12,2016,4
982,2016-12-30,30,5,12,12,2016,4
983,2017-01-03,3,2,1,1,2017,1
984,2017-01-04,4,3,1,1,2017,1
985,2017-01-05,5,4,1,1,2017,1
986,2017-01-06,6,5,1,1,2017,1
987,2017-01-09,9,1,1,1,2017,1
988,2017-01-10,10,2,1,1,2017,1
989,2017-01-11,11,3,1,1,2017,1
990,2017-01-12,12,4,1,1,2017,1
991,2017-01-13,13,5,1,1,2017,1
992,2017-01-17,17,2,1,1,2017,1
993,2017-01-18,18,3,1,1,2017,1
994,2017-01-19,19,4,1,1,2017,1
995,2017-01-20,20,5,1,1,2017,1
996,2017-01-23,23,1,1,1,2017,1
997,2017-01-24,24,2,1,1,2017,1
998,2017-01-25,25,3,1,1,2017,1
999,2017-01-26,26,4,1,1,2017,1
1000,2017-01-27,27,5,1,1,2017,1
1001,2017-01-30,30,1,1,1,2017,1
1002,2017-01-31,31,2,1,1,2017,1
1003,2017-02-01,1,3,2,2,2017,1
1004,2017-02-02,2,4,2,2,2017,1
1005,2017-02-03,3,5,2,2,2017,1
1006,2017-02-06,6,1,2,2,2017,1
1007,2017-02-07,7,2,2,2,2017,1
1008,2017-02-08,8,3,2,2,2017,1
1009,2017-02-09,9,4,2,2,2017,1
1010,2017-02-10,10,5,2,2,2017,1
1011,2017-02-13,13,1,2,2,2017,1
1012,2017-02-14,14,2,2,2,2017,1
1013,2017-02-15,15,3,2,2,2017,1
1014,2017-02-16,16,4,2,2,2017,1
1015,2017-02-17,17,5,2,2,2017,1
1016,2017-02-21,21,2,2,2,2017,1
1017,2017-02-22,22,3,2,2,2017,1
1018,2017-02-23,23,4,2,2,2017,1
1019,2017-02-24,24,5,2,2,2017,1
1020,2017-02-27,27,1,2,2,2017,1
1021,2017-02-28,28,2,2,2,2017,1
1022,2017-03-01,1,3,3,3,2017,1
1023,2017-03-02,2,4,3,3,2017,1
1024,2017-03-03,3,5,3,3,2017,1
1025,2017-03-06,6,1,3,3,2017,1
1026,2017-03-07,7,2,3,3,2017,1
1027,2017-03-08,8,3,3,3,2017,1
1028,2017-03-09,9,4,3,3,2017,1
1029,2017-03-10,10,5,3,3,2017,1
1030,2017-03-13,13,1,3,3,2017,1
1031,2017-03-14,14,2,3,3,2017,1
1032,2017-03-15,15,3,3,3,2017,1
1033,2017-03-16,16,4,3,3,2017,1
1034,2017-03-17,17,5,3,3,2017,1
1035,2017-03-20,20,1,3,3,2017,1
1036,2017-03-21,21,2,3,3,2017,1
1037,2017-03-22,22,3,3,3,2017,1
1038,2017-03-23,23,4,3,3,2017,1
1039,2017-03-24,24,5,3,3,2017,1
1040,2017-03-27,27,1,3,3,2017,1
1041,2017-03-28,28,2,3,3,2017,1
1042,2017-03-29,29,3,3,3,2017,1
1043,2017-03-30,30,4,3,3,2017,1
1044,2017-03-31,31,5,3,3,2017,1
1045,2017-04-03,3,1,4,4,2017,2
1046,2017-04-04,4,2,4,4,2017,2
1047,2017-04-05,5,3,4,4,2017,2
1048,2017-04-06,6,4,4,4,2017,2
1049,2017-04-07,7,5,4,4,2017,2
1050,2017-04-10,10,1,4,4,2017,2
1051,2017-04-11,11,2,4,4,2017,2
1052,2017-04-12,12,3,4,4,2017,2
1053,2017-04-13,13,4,4,4,2017,2
1054,2017-04-17,17,1,4,4,2017,2
1055,2017-04-18,18,2,4,4,2017,2
1056,2017-04-19,19,3,4,4,2017,2
1057,2017-04-20,20,4,4,4,2017,2
1058,2017-04-21,21,5,4,4,2017,2
1059,2017-04-24,24,1,4,4,2017,2
1060,2017-04-25,25,2,4,4,2017,2
1061,2017-04-26,26,3,4,4,2017,2
1062,2017-04-27,27,4,4,4,2017,2
1063,2017-04-28,28,5,4,4,2017,2
1064,2017-05-01,1,1,5,5,2017,2
1065,2017-05-02,2,2,5,5,2017,2
1066,2017-05-03,3,3,5,5,2017,2
1067,2017-05-04,4,4,5,5,2017,2
1068,2017-05-05,5,5,5,5,2017,2
1069,2017-05-08,8,1,5,5,2017,2
1070,2017-05-09,9,2,5,5,2017,2
1071,2017-05-10,10,3,5,5,2017,2
1072,2017-05-11,11,4,5,5,2017,2
1073,2017-05-12,12,5,5,5,2017,2
1074,2017-05-15,15,1,5,5,2017,2
1075,2017-05-16,16,2,5,5,2017,2
1076,2017-05-17,17,3,5,5,2017,2
1077,2017-05-18,18,4,5,5,2017,2
1078,2017-05-19,19,5,5,5,2017,2
1079,2017-05-22,22,1,5,5,2017,2
1080,2017-05-23,23,2,5,5,2017,2
1081,2017-05-24,24,3,5,5,2017,2
1082,2017-05-25,25,4,5,5,2017,2
1083,2017-05-26,26,5,5,5,2017,2
1084,2017-05-30,30,2,5,5,2017,2
1085,2017-05-31,31,3,5,5,2017,2
1086,2017-06-01,1,4,6,6,2017,2
1087,2017-06-02,2,5,6,6,2017,2
1088,2017-06-05,5,1,6,6,2017,2
1089,2017-06-06,6,2,6,6,2017,2
1090,2017-06-07,7,3,6,6,2017,2
1091,2017-06-08,8,4,6,6,2017,2
1092,2017-06-09,9,5,6,6,2017,2
1093,2017-06-12,12,1,6,6,2017,2
1094,2017-06-13,13,2,6,6,2017,2
1095,2017-06-14,14,3,6,6,2017,2
1096,2017-06-15,15,4,6,6,2017,2
1097,2017-06-16,16,5,6,6,2017,2
1098,2017-06-19,19,1,6,6,2017,2
1099,2017-06-20,20,2,6,6,2017,2
1100,2017-06-21,21,3,6,6,2017,2
1101,2017-06-22,22,4,6,6,2017,2
1102,2017-06-23,23,5,6,6,2017,2
1103,2017-06-26,26,1,6,6,2017,2
1104,2017-06-27,27,2,6,6,2017,2
1105,2017-06-28,28,3,6,6,2017,2
1106,2017-06-29,29,4,6,6,2017,2
1107,2017-06-30,30,5,6,6,2017,2
1108,2017-07-03,3,1,7,7,2017,3
1109,2017-07-05,5,3,7,7,2017,3
1110,2017-07-06,6,4,7,7,2017,3
1111,2017-07-07,7,5,7,7,2017,3
1112,2017-07-10,10,1,7,7,2017,3
1113,2017-07-11,11,2,7,7,2017,3
1114,2017-07-12,12,3,7,7,2017,3
1115,2017-07-13,13,4,7,7,2017,3
1116,2017-07-14,14,5,7,7,2017,3
1117,2017-07-17,17,1,7,7,2017,3
1118,2017-07-18,18,2,7,7,2017,3
1119,2017-07-19,19,3,7,7,2017,3
1120,2017-07-20,20,4,7,7,2017,3
1121,2017-07-21,21,5,7,7,2017,3
1122,2017-07-24,24,1,7,7,2017,3
1123,2017-07-25,25,2,7,7,2017,3
1124,2017-07-26,26,3,7,7,2017,3
1125,2017-07-27,27,4,7,7,2017,3
1126,2017-07-28,28,5,7,7,2017,3
1127,2017-07-31,31,1,7,7,2017,3
1128,2017-08-01,1,2,8,8,2017,3
1129,2017-08-02,2,3,8,8,2017,3
1130,2017-08-03,3,4,8,8,2017,3
1131,2017-08-04,4,5,8,8,2017,3
1132,2017-08-07,7,1,8,8,2017,3
1133,2017-08-08,8,2,8,8,2017,3
1134,2017-08-09,9,3,8,8,2017,3
1135,2017-08-10,10,4,8,8,2017,3
1136,2017-08-11,11,5,8,8,2017,3
1137,2017-08-14,14,1,8,8,2017,3
1138,2017-08-15,15,2,8,8,2017,3
1139,2017-08-16,16,3,8,8,2017,3
1140,2017-08-17,17,4,8,8,2017,3
1141,2017-08-18,18,5,8,8,2017,3
1142,2017-08-21,21,1,8,8,2017,3
1143,2017-08-22,22,2,8,8,2017,3
1144,2017-08-23,23,3,8,8,2017,3
1145,2017-08-24,24,4,8,8,2017,3
1146,2017-08-25,25,5,8,8,2017,3
1147,2017-08-28,28,1,8,8,2017,3
1148,2017-08-29,29,2,8,8,2017,3
1149,2017-08-30,30,3,8,8,2017,3
1150,2017-08-31,31,4,8,8,2017,3
1151,2017-09-01,1,5,9,9,2017,3
1152,2017-09-05,5,2,9,9,2017,3
1153,2017-09-06,6,3,9,9,2017,3
1154,2017-09-07,7,4,9,9,2017,3
1155,2017-09-08,8,5,9,9,2017,3
1156,2017-09-11,11,1,9,9,2017,3
1157,2017-09-12,12,2,9,9,2017,3
1158,2017-09-13,13,3,9,9,2017,3
1159,2017-09-14,14,4,9,9,2017,3
1160,2017-09-15,15,5,9,9,2017,3
1161,2017-09-18,18,1,9,9,2017,3
1162,2017-09-19,19,2,9,9,2017,3
1163,2017-09-20,20,3,9,9,2017,3
1164,2017-09-21,21,4,9,9,2017,3
1165,2017-09-22,22,5,9,9,2017,3
1166,2017-09-25,25,1,9,9,2017,3
1167,2017-09-26,26,2,9,9,2017,3
1168,2017-09-27,27,3,9,9,2017,3
1169,2017-09-28,28,4,9,9,2017,3
1170,2017-09-29,29,5,9,9,2017,3
1171,2017-10-02,2,1,10,10,2017,4
1172,2017-10-03,3,2,10,10,2017,4
1173,2017-10-04,4,3,10,10,2017,4
1174,2017-10-05,5,4,10,10,2017,4
1175,2017-10-06,6,5,10,10,2017,4
1176,2017-10-09,9,1,10,10,2017,4
1177,2017-10-10,10,2,10,10,2017,4
1178,2017-10-11,11,3,10,10,2017,4
1179,2017-10-12,12,4,10,10,2017,4
1180,2017-10-13,13,5,10,10,2017,4
1181,2017-10-16,16,1,10,10,2017,4
1182,2017-10-17,17,2,10,10,2017,4
1183,2017-10-18,18,3,10,10,2017,4
1184,2017-10-19,19,4,10,10,2017,4
1185,2017-10-20,20,5,10,10,2017,4
1186,2017-10-23,23,1,10,10,2017,4
1187,2017-10-24,24,2,10,10,2017,4
1188,2017-10-25,25,3,10,10,2017,4
1189,2017-10-26,26,4,10,10,2017,4
1190,2017-10-27,27,5,10,10,2017,4
1191,2017-10-30,30,1,10,10,2017,4
1192,2017-10-31,31,2,10,10,2017,4
1193,2017-11-01,1,3,11,11,2017,4
1194,2017-11-02,2,4,11,11,2017,4
1195,2017-11-03,3,5,11,11,2017,4
1196,2017-11-06,6,1,11,11,2017,4
1197,2017-11-07,7,2,11,11,2017,4
1198,2017-11-08,8,3,11,11,2017,4
1199,2017-11-09,9,4,11,11,2017,4
1200,2017-11-10,10,5,11,11,2017,4
1201,2017-11-13,13,1,11,11,2017,4
1202,2017-11-14,14,2,11,11,2017,4
1203,2017-11-15,15,3,11,11,2017,4
1204,2017-11-16,16,4,11,11,2017,4
1205,2017-11-17,17,5,11,11,2017,4
1206,2017-11-20,20,1,11,11,2017,4
1207,2017-11-21,21,2,11,11,2017,4
1208,2017-11-22,22,3,11,11,2017,4
1209,2017-11-24,24,5,11,11,2017,4
1210,2017-11-27,27,1,11,11,2017,4
1211,2017-11-28,28,2,11,11,2017,4
1212,2017-11-29,29,3,11,11,2017,4
1213,2017-11-30,30,4,11,11,2017,4
1214,2017-12-01,1,5,12,12,2017,4
1215,2017-12-04,4,1,12,12,2017,4
1216,2017-12-05,5,2,12,12,2017,4
1217,2017-12-06,6,3,12,12,2017,4
1218,2017-12-07,7,4,12,12,2017,4
1219,2017-12-08,8,5,12,12,2017,4
1220,2017-12-11,11,1,12,12,2017,4
1221,2017-12-12,12,2,12,12,2017,4
1222,2017-12-13,13,3,12,12,2017,4
1223,2017-12-14,14,4,12,12,2017,4
1224,2017-12-15,15,5,12,12,2017,4
1225,2017-12-18,18,1,12,12,2017,4
1226,2017-12-19,19,2,12,12,2017,4
1227,2017-12-20,20,3,12,12,2017,4
1228,2017-12-21,21,4,12,12,2017,4
1229,2017-12-22,22,5,12,12,2017,4
1230,2017-12-26,26,2,12,12,2017,4
1231,2017-12-27,27,3,12,12,2017,4
1232,2017-12-28,28,4,12,12,2017,4
1233,2017-12-29,29,5,12,12,2017,4
1234,2018-01-02,2,2,1,1,2018,1
1235,2018-01-03,3,3,1,1,2018,1
1236,2018-01-04,4,4,1,1,2018,1
1237,2018-01-05,5,5,1,1,2018,1
1238,2018-01-08,8,1,1,1,2018,1
1239,2018-01-09,9,2,1,1,2018,1
1240,2018-01-10,10,3,1,1,2018,1
1241,2018-01-11,11,4,1,1,2018,1
1242,2018-01-12,12,5,1,1,2018,1
1243,2018-01-16,16,2,1,1,2018,1
1244,2018-01-17,17,3,1,1,2018,1
1245,2018-01-18,18,4,1,1,2018,1
1246,2018-01-19,19,5,1,1,2018,1
1247,2018-01-22,22,1,1,1,2018,1
1248,2018-01-23,23,2,1,1,2018,1
1249,2018-01-24,24,3,1,1,2018,1
1250,2018-01-25,25,4,1,1,2018,1
1251,2018-01-26,26,5,1,1,2018,1
1252,2018-01-29,29,1,1,1,2018,1
1253,2018-01-30,30,2,1,1,2018,1
1254,2018-01-31,31,3,1,1,2018,1
1255,2018-02-01,1,4,2,2,2018,1
1256,2018-02-02,2,5,2,2,2018,1
1257,2018-02-05,5,1,2,2,2018,1
1258,2018-02-06,6,2,2,2,2018,1
1259,2018-02-07,7,3,2,2,2018,1